X1,X2,X3,X4,X5,X6,X7,X8,X9,X10,X11,X12,X13,X14,X15,X16,X17,X18,X19,X20,X21,X22,X23,X24
40.08,38.16,37.89,36.62,39.13,42.26,52.74,64.3,52.54,51.3,47.99,48.2,46.77,43.65,43.03,43.9,48.83,63.65,56.64,47.84,42.69,42.04,40.1,35.43
31,28.71,28.3,28.33,28.94,31.67,34.66,43.47,39.28,38.56,38.33,37.75,36.13,36.5,36.68,35.77,42.7,51.72,43.79,40.5,40.72,37.55,36.62,32.7
28.48,27.22,26.26,26.69,28.41,30.43,38.7,45.69,37.1,38.55,40.65,39.34,38.77,38.32,38.18,38.76,46.66,58.85,45.95,45.06,43.27,38.56,38.32,32.32
36.04,34.54,32.77,32.23,32.88,33.79,31.34,39.12,37.84,33.65,30.19,28.33,28.98,28.68,29.53,29.85,36.73,51.98,40.93,38.13,38.21,37.09,36.59,36
36.55,33.65,32.21,30.66,30.46,32.83,34.98,33.7,33.58,29.39,28.46,27.59,29.9,29.24,28.47,28.57,32.54,43.26,36.69,33.53,33.42,31.03,28.2,27.13
23.56,23.47,12.85,12.75,18.23,24.3,27.17,30.08,29.22,28.63,30.5,31.55,32.12,30.46,30.28,31.72,36.06,38.07,37.37,32.85,32.42,28.38,29.46,28.35
25.21,24.3,22.3,22.25,25.08,29.41,32.5,39.28,35.89,34.69,35.79,35.32,34.93,34.62,34.61,35.36,43.17,48.52,42.91,41.09,38.82,37.76,35.33,34.31
29.9,28.29,27.99,28.7,30.12,32.94,40.7,47.34,43.15,40.05,51.63,54.41,49.18,48.42,47.67,48.23,57.21,73.99,50.6,49.49,44.51,41.71,39.93,39.65
36.51,35.04,32.55,33.41,35.22,37.33,42.72,50.24,44.3,42.23,40.45,35.16,34.33,34.6,34.7,37.32,36.46,49.91,41.36,41.41,40.32,37.99,37.24,32.76
35.35,34.94,33.38,33.74,33.88,31.54,44.73,50.31,44.88,43.44,41.1,39.51,35.9,34.4,34.96,32.72,40.49,46.15,36.94,35.31,35.69,30.96,31.78,27.23
22.54,20.36,18.04,17.39,18.11,18.08,21.73,23.21,24.56,25.29,23.86,24.6,25.47,24.94,23.61,25.1,31.5,27.94,21.25,23.46,23.1,22.11,20.77,18.9
22.23,18.71,18.97,18.32,18.33,21.28,19.52,21.63,21.25,22.01,19.47,18.8,17.38,16.65,19.91,19.76,23.06,35.91,28.99,25.17,24.12,23.46,25.34,23.28
18.94,18.82,16.47,17.7,17.94,21.75,24.98,34.94,28.36,25.38,29.65,27.62,26.54,25.64,26.95,29.81,33.95,56.44,38.67,33.98,31.55,29.51,26.92,25.29
29.19,25.07,25.24,25.17,24.56,25.37,28.12,35.62,29.54,30.57,30.65,27.92,26.04,25.36,25.79,27.11,28.35,37.31,35.13,31.6,32.67,32.29,28.19,29.83
24.27,23.38,23.35,23.14,24.46,28.31,25.72,29.18,29.47,32.18,32.34,30.87,28.49,28.11,26.22,25.56,32.07,34,31.38,31.71,30.26,24.72,24,20.65
20.45,18.46,16.23,16.46,16.77,20.93,24.08,26.36,25.17,23.55,24.12,23.53,24.13,23.74,22.97,23.67,27.58,35.39,28.41,25.89,26.07,24.29,21.32,21.8
23.05,21.08,18.95,19.6,22.07,24.87,30.76,34.77,31.98,32.63,33.85,30.86,30.25,29.65,30.41,31.46,36.16,41.03,37.21,35.67,35.15,33.83,31.03,31.21
27.73,26.02,24.03,23.39,23.27,23.08,24.17,32.3,35.14,39.7,45.47,41.06,35.78,34.2,33.56,35.25,40.16,50.22,44.28,42.21,39.66,34.61,32.31,34.18
34.65,31.42,29.56,29.47,29.55,28.76,28.61,30.1,33.81,36.1,36.9,35.98,35.67,35.59,35.16,36.39,44.69,55.9,53.47,47.44,47.53,46.24,45.11,42.3
44.81,42.11,38.72,40.02,43.6,45.76,45.77,62.78,43.37,40.67,47.99,42.76,41.38,40.7,40.38,42.08,53.36,78.21,58.03,53.37,55.4,52.49,47.54,47.47
43.34,41.91,39.24,38.21,38.87,44.99,50.76,64.88,51.69,49.38,44.94,42.94,39.33,40,39.77,40.52,38.99,50.93,43.33,42.4,41.75,41.34,38.09,37.01
34.89,32.76,30.87,30.53,30.68,29.21,34.22,41.68,42.52,43.81,40.05,37.74,36.65,36.72,34.62,36.48,38.32,56.32,44.7,42.77,42.03,38.95,38.35,36.78
40.78,38.21,37.15,35.41,39.29,39.82,47.17,51.68,45.1,40.34,39.02,36.71,35.04,34.33,34.67,34.8,39.09,49.57,42.93,41.01,39.83,42.39,38.37,35.72
32.66,30.51,27.31,27.23,26.65,27.49,29.83,31.93,33.39,33.65,31.75,28.07,26.71,26.31,26.33,27.04,29.52,39.28,33.04,29.19,26.83,27.09,26.6,25.43
21.52,20.61,20.57,19.72,19.97,20.86,20.92,22.99,25.22,27.43,25.95,27.72,24.98,23.74,23.34,23.58,26.86,32.39,28.94,27.27,24.84,25.05,23.57,22.01
23.47,21.63,21.52,20.96,20.37,20.4,20.92,21.89,22.07,23.03,23.57,23.05,23.36,21.73,22.36,22.43,24.66,33.85,32.37,29.17,28.71,28.09,25.12,22.63
21.83,21.83,21.44,21.67,21.83,25.89,27.34,30.67,31.33,31.68,32.57,32.27,30.75,29.03,28.57,29.99,34.06,39.56,36.07,36.54,35,34.14,30.15,26.79
25.15,23.09,24.07,23.06,22.39,23.56,28.4,31.08,30.56,33.24,33.24,30.58,30.21,30.48,28.95,30.51,31.94,37.76,33.56,32.82,30.85,29.33,27.77,25.35
25.99,23.41,22.81,22.76,22.89,23.98,26.63,27.61,29.32,29.75,29.64,28.34,28.12,27.42,26.46,25.38,27.48,32.01,29.17,26.97,25.28,24.9,25.45,24.36
25.4,21.09,20.78,20.51,21.04,21.25,23.78,28.67,27.86,30.21,31.57,31.9,31.13,30.62,27.83,26.03,28.28,32.34,30.07,28.39,26.73,26.43,24.58,23.63
25.08,21.84,20.73,20.71,20.82,20.42,21.73,24.27,23.85,24.2,25.88,26.33,26.03,24.37,24.19,24.02,25.9,30.81,27.26,23.11,21.89,20.94,24.16,22.26
20.56,18.02,17.68,17.52,17.24,17.22,17.22,17.68,19.35,19.84,24.16,24.63,24.78,24.78,24.09,23.47,24.24,26.35,25.26,23.35,24.18,24.1,24.43,22.09
21.99,20.88,20.68,20.18,19.82,20.77,18.67,21.52,23.27,23.91,24.26,24.53,25.95,25.11,25.07,25.27,26.77,35.58,31.91,31.23,29.67,28.59,33.35,28.04
24.48,24.01,23.94,24.34,25.49,29.06,31.67,39.51,39.82,38.62,40.4,39.53,34.98,33.26,32.56,33.7,43.91,62.43,48.44,44.97,42.18,42.42,38.96,34.04
35.85,32.74,32.13,32.04,35.33,35.81,51.66,61.7,53.53,40.84,48.43,45.67,44.56,44.09,43.34,43.47,45.9,56.67,53.77,51.05,49.74,47.95,44.58,42.02
58.93,56.6,55.27,52.67,54.4,58.94,65.28,73.36,65.99,60.99,51.29,50.37,48.15,45.44,45.46,45.47,46.62,58.2,52.38,47.66,45.79,44.95,44.15,39.96
43.12,39.18,37.44,38.88,40.18,38.36,47.16,61.65,59.43,56.09,58.8,55.51,53.03,51.09,50.43,51.37,60.39,73.11,64.5,64.09,63.19,58.43,54.54,49.29
45.02,44.33,43.83,46.7,46.85,48.87,59.29,79.75,68.62,62.56,94.01,87.51,76.38,70.06,69.08,83.59,107.82,146.75,135.94,119.45,103.23,102.39,89.25,80.81
86.89,95.34,90.66,86.53,83.74,83.32,97.55,104.79,126.22,118,66.66,52.47,51.02,48.11,47.4,47.81,52.99,87.39,70.18,61.29,60.05,57.89,50.36,58.49
61.74,63.36,59.06,56.9,56.36,58.3,65.07,59.9,56.85,66.9,69.36,61.25,58.28,55.95,55.62,57.23,76.52,102.75,91.85,85.31,72.26,67.72,58.12,48.36
46.97,42.06,42.35,42.19,44.6,47.54,59.27,71.67,67.2,68.07,64.2,62.49,60.22,58.48,57.4,60.27,70.7,116.27,103.21,89.01,81.55,73.58,64.89,59.07
62.26,59.4,59.03,59.8,60.16,67.62,123.46,120.19,98.08,96.56,111.32,92.56,92,95.37,87.17,99.85,109.43,197.5,179.79,146.75,120.6,110.5,95.32,98.76
91.09,75.18,71.81,69.03,68.9,78.42,84.5,101.51,72.52,65.2,57.15,49.84,47.84,46.49,45.44,46,48.18,56.66,58.52,54.45,52.08,49.51,45.34,44.06
49.65,45.27,44.48,44.36,44.71,46.91,59.35,69.52,62.94,57.3,54.04,50.44,48.27,47.17,46.71,46.98,51.37,63.54,59.52,55.64,51.56,47.94,45.48,42.79
51.27,46.19,45,45.16,45.89,48.95,54.56,69.14,60.74,54.48,72.12,71.05,71.46,69.35,70.2,72.38,74.42,89.65,75.19,71.68,72.67,71.23,68.72,60.41
63.03,59.02,58.77,60.65,60.29,60.26,66.06,76.62,78.19,73.98,86.49,83.78,79.2,73.78,73.87,80.91,102.15,147,130.28,110.27,110.1,104.84,98.6,85.43
99.06,91.53,81.45,78.72,75.46,79.72,95.03,97.97,101.57,96.79,87.09,81.49,78,76.15,71.94,75.18,90.07,122.37,101.39,87.99,80.31,70.65,64.74,62.39
66.01,60.59,56.23,56.96,60.09,61.62,69.09,79.6,84.6,82.47,85.62,85.91,82.43,83.08,77.34,83.45,92.65,109.21,87.67,86,85.21,80.35,79.64,81.15
80.74,77.87,71.91,71.8,73.13,79.7,87.1,100.63,83.22,77.11,75.61,73.83,71.54,75.78,73.69,77.98,71.82,105.57,94.71,82.87,78.43,80.16,76.18,78.12
77.95,71.17,64.98,64.89,66.53,74.49,82.3,97.12,75.62,75.49,54.7,52.62,49.24,46.83,46.16,46.48,49.22,64.09,60.86,52.63,48.91,49.43,47.34,45.07
41.97,42.55,42.51,42.33,42.04,44.57,55.87,75.39,68.03,67.66,89.03,83.3,83.99,85.54,83.4,86.31,96.39,132.08,124.05,116.38,112.71,107.94,103.58,84.48
88.61,89.27,90.11,90.25,89.61,92.72,122.67,143.76,140.13,138.62,136.47,140.61,133.13,124.94,119.57,131.22,134.25,160.93,149.19,127.06,123.14,120.66,123.87,126.79
117.06,108.18,109.05,110.88,114.18,119.93,131.83,151.7,152.07,134.22,95.77,83.84,80.8,81.03,77.94,80.34,83.58,107.45,97.84,89.4,88.76,88.12,84.81,78.15
89.46,85.34,81.57,80.63,79.06,79.04,82.4,92.58,90.56,78.99,73.72,78.33,72.96,66.89,70.67,75.17,91.22,114.34,100.65,84.96,93.34,87.32,78.17,74.64
69.3,67.6,66.25,63.25,69.18,80.28,99.34,108.21,85.83,76.27,80.9,79.7,79.34,78.37,77.58,78.53,97.2,120.12,106.53,89.94,82.55,78.75,75.21,73.62
53.26,49.82,47.5,47.44,49.62,50.43,73.14,79.48,70.51,67.96,58.19,55.28,52.49,51.52,50.25,49.68,51.53,68.57,64.43,61.13,58.94,58.39,52.29,50.25
50.55,52.73,51.51,52.42,54.32,55.73,80.71,99.98,82.13,71.47,93.77,93.42,87.61,86.34,83.91,87.15,100.83,130.07,126.66,109.66,99.7,96.5,94.64,90.65
80.19,80.21,80.17,79.63,83.64,87.96,125.87,141.81,103.96,85.94,71.32,64.79,64.77,61.85,60.38,61.26,69.27,109.74,88.42,74.09,75.92,73.06,69.89,60.99
62.15,59.2,59.71,61,61.64,64.12,73.9,85.72,83.9,76.38,80.06,70.5,65.67,65.07,64.33,65.31,65.86,81.34,79.36,69.95,65.46,65.39,63.28,61.06
69.38,68.25,68.74,67.71,68.8,74.78,80.39,93.58,109.3,106.06,128.75,127.81,124.16,113.62,96.39,95.71,115.92,166.26,158.26,129.58,123.81,125.2,122.69,120.83
146.84,138.24,135.91,140.36,139.59,154.35,165.52,163.8,141.35,120.57,113.42,98.78,97.98,90.7,85.45,89.48,113.97,180.98,167.03,154.17,138.23,121.36,110.47,106.38
105.77,101.73,104.52,104.68,111.44,132.4,162.56,175.93,137.61,120.97,109.85,102.83,93.86,95.7,96.2,96.44,104.12,152.71,139.1,129.85,110.78,107.58,95.91,84.13
87.53,84.23,82.27,84.98,89.88,95.98,119.06,128.19,106.33,86.31,68.5,62.47,58.94,55.07,52.93,55.02,58.48,76.03,76.21,70.91,65.33,62.8,59.78,57.05
56.78,55.71,53.79,54.58,56.82,56.17,67.94,74.5,60.22,62.95,54.64,51.24,48.85,47.57,46.71,47.21,49.54,64.74,67.83,61.43,55.82,52.35,51.01,46.36
47.51,45.6,45.56,45.76,45.66,47.27,67.85,77.3,63.56,63.14,69.04,67.38,65.55,64.39,62.35,60.33,61.31,75.15,75.27,69.12,64.49,61.46,56.04,52.48
49.98,47.5,46.18,46.96,48.12,50.12,57.35,62.6,65.03,63.34,75.51,72.09,67.63,67.75,66.1,65.7,66.47,82.12,84.75,76.91,69.97,67.93,66.01,62.22
57.38,55.98,54.06,53.95,55.7,54.04,58.14,78.68,71.62,63.52,77.26,73.87,70.14,64.08,61.55,62.77,70.41,107.71,119.06,99.67,86.86,88.86,88.28,92.1
76.43,75.81,70.98,70.79,74.66,76.88,79.72,92,73.74,64.55,66.1,62.95,60.41,59.59,59.29,61.3,64.67,84.17,82.56,80.26,75.72,73.98,68.98,62
73.71,69.19,65.4,67.8,69.79,79.87,101.33,89.97,49.08,53.52,57.66,69,74.28,72.78,71.83,71.74,73.88,53.29,67.14,79.76,82.49,77.53,76,67.88
57.92,54.1,53.88,55.46,60.89,64.14,67.18,89.07,62.73,62.13,49.88,47.62,45.77,41.6,43.7,43.4,45.08,47.48,53.03,50.44,47.12,48.33,45.97,41.58
41.08,40.27,39.56,40.25,40.14,43.12,55.76,56.72,43.07,42.42,40.36,40.99,39.31,38.47,37.31,38.03,42.52,42.88,47.21,44.21,42.28,41.02,43.19,42.17
37.78,37.19,36.63,37.07,39.69,39.63,43.82,46.58,39.45,35.12,37,32.62,33.42,31.86,30.22,30.81,30.89,38.43,41.88,36.54,33.97,36.74,35.25,33.18
33.43,32.29,31.63,31.97,33.19,35,41.42,42.22,35.14,35.92,36.89,35.66,35.47,35.43,34.59,34.4,34.77,35.43,42.22,38.01,35.44,34.6,34.81,32.67
30.9,29.24,28.17,27.13,27.38,28.44,31,33.08,29.52,32.73,40.29,39.64,39.01,37.91,37.51,37.73,39.52,45.23,49.14,44.99,42.45,43.81,46.21,45.17
41.56,39.45,39.51,39.08,39.53,40.95,41.26,44.55,48.17,50.5,57.04,54.36,53.76,51.86,47.49,47.61,48.35,60.39,60.27,55.69,56.21,58.62,63.07,54.68
50.66,51.03,50.62,53,53.6,63.8,76.68,86.59,72.44,60.66,63.69,61.4,56.6,55.05,51.87,54.29,61.34,80.39,91.92,78.96,66.52,66.65,69.27,58.96
55.09,55.24,55.48,57.08,58.12,71.5,94.46,91.14,63.72,53.19,47.7,44.26,44.01,43.1,41.48,42.16,44.03,56.65,61.6,53.71,50.71,49.59,46.91,45.92
46.8,46.22,45.9,46.81,47.57,52.02,65.7,64.56,47.94,44.23,39.9,37.52,37.13,36.24,35.1,34.66,33.54,37.55,39.82,34.59,31.88,37.45,36.77,31.2
32.11,32.24,29.72,29.8,30.53,36.55,32.63,36.86,31.78,31.64,41.42,41.37,32.64,32.77,31.35,30.8,30.13,34.47,38.14,32.8,31.13,30.25,30.18,29.74
35.93,34.06,34.13,34.35,36.38,38.8,34.66,40.07,40.93,44.53,45.19,41.44,39.1,37.5,37.72,38.35,38.7,44.37,47.63,45.53,44.72,45.73,48.02,42.61
40.9,39.53,38.52,37.79,38.79,40.79,37.06,36.26,34.75,34.95,35.3,34.53,34.04,33.16,33.04,33.75,36.37,50.84,58.79,50.33,48.55,48.54,49.34,46.7
53.41,51.23,49.51,46.7,47.33,49.92,53.93,54.38,46.01,41.75,43.26,41.61,37.26,34.02,33.45,34.5,38.89,45.55,54.49,48.75,45.82,44.21,43,39.94
38.59,35.52,34.8,34.7,35.23,38.23,35.96,42.62,38.03,34.98,35,32.91,31.78,31.52,31.48,31.5,31.79,34.79,39.54,34.39,32.98,32.35,32.11,32.16
32.31,30.51,30.31,30.25,30.86,33.91,35.49,38.29,36.93,37.78,38.6,37.57,37.41,36.8,36.22,36.03,35.14,38.59,41.61,38.72,35.25,33.04,32.53,31.26
30.48,27.45,27.92,27.1,27.66,30.7,34.22,41.98,38.65,39.43,39.83,38.54,37.17,36.25,34,35.08,35.08,41.72,48.6,45.51,43.99,41.16,41.06,38.22
36.83,32.88,31.88,32.11,34.54,36.25,43.6,47.6,40.23,41.64,45.04,46.38,47.19,46.81,45.43,45.03,44.54,46.61,53.28,48.49,44.72,43.89,43.26,43.09
40.06,34.25,33.19,32.2,33.49,33.07,39.09,43.64,45.83,48.39,54.45,52.68,49.81,47.88,45.41,46.22,46.63,51.31,55.94,54.37,51.68,50.82,52.55,48.53
48.41,46.4,44.85,44.44,44.54,47.45,50.3,52.6,49.24,43.24,45.05,41.77,42.51,40.01,39.3,39.14,40.87,41.09,48.23,42.62,40.27,41.88,42.35,41.67
41.23,42.07,41.92,40.93,41.2,42.01,43.65,44.62,43.03,38.72,44.24,43.21,38.11,35.2,33.51,33.42,34.62,41.73,56.41,46.41,43.32,42.49,45.04,43.2
40.63,40.81,40.82,42.32,43.61,47.22,64.65,60.2,46.78,43.52,45.44,45.31,43.76,42.79,41.07,41.28,43.13,45.56,57.35,50.89,48.36,47.97,45.73,43.25
42.62,43.62,43.43,43.08,43.62,47.82,56.5,56.6,43.83,39.08,39.87,37.76,39.66,34.92,33.68,33.79,33.7,34.9,45.02,37.98,34.8,34.58,33.65,32.73
35.77,33.58,31.9,33.68,35.88,38.04,45.57,43.13,36.39,44.25,43.08,41.52,41.04,37.25,35.29,35.66,36.08,39.45,45.14,43.52,38.8,38.23,34.18,32.39
30,29.03,30.79,29.72,31.27,33.96,42.02,45,47.28,43.16,51.24,49.02,48.1,48.1,46.98,47.73,48.07,53.17,71.63,67.56,54.81,54.64,49.36,46.18
48.8,47.84,46.62,46.09,46.59,49.56,79.87,79.79,52.85,50.9,47.35,46.7,41.18,42.1,36.36,37.23,40.61,46.55,52.16,48.88,45.28,45.44,43.58,42.79
47.55,45.33,44.26,43.31,43.67,43.37,42.96,42.7,41.19,37.57,40.74,35.96,32.82,30.93,30.71,31.38,31.67,39.1,44.42,42.24,36.24,33.34,32.28,32.96
33.75,33.2,30.98,30.47,30.05,29.7,31.51,31.63,32.24,32.4,33.42,33.67,34.09,32.7,32.89,33.42,32.59,36.72,48.6,44.24,36.3,34.79,35.11,34.66
32.35,32.51,31.88,31.47,32.14,32.68,41.54,40.95,40.07,40.55,40.45,40.58,39.48,38.87,36.31,36.18,39,43.72,51.28,47.2,39.96,36.31,36.76,36.08
40.07,34.47,36.13,35.37,40.51,45.09,53.81,56.46,44.06,42.48,44.04,42.93,41.98,40.51,40.66,42.1,44.79,54.7,68.64,64.45,55.96,53.18,43.36,45.17
33.7,32.84,34.07,33.05,33.22,33.54,47.68,56.44,55.95,59.14,61.08,58.58,56.6,54.16,48.24,47.61,47.79,50.75,58.51,57.39,46.99,45.07,41.83,36.05
36.05,35.17,35.66,34.82,35.05,36.03,51.09,51.61,45.08,41.13,40.32,37.86,34.74,34.83,32.93,32.94,34.87,39.68,49.75,48.99,40.56,41.51,38.37,37.55
36.18,35.07,36.15,34.83,35.52,43.18,55.48,53.92,44.6,39.51,35.46,34.64,35.25,34.76,34.6,34.48,34.99,39.61,46.4,43.03,38.54,37.83,37.23,37.14
32.21,32.61,32.1,30.75,30.77,31.61,32.16,34.72,40.3,45.02,53.27,55.92,51.99,50.98,47.7,47.48,49.93,56.15,81.81,74.96,62.73,57.4,57.32,56.27
54.18,49.2,50.83,51.89,52.82,55.69,58.98,59.55,54.18,52.52,47.69,45.27,42.63,42.89,42.54,42.73,43.33,52.2,65.17,59.52,52.29,46.84,41.63,42.72
41.31,41.33,42.17,41.75,48.08,68.14,78,56.02,50.44,45.5,42.12,41.99,40.09,39,38.4,37.58,37.68,40.95,50.46,46.88,41.78,39.57,37.29,36.84
36.42,37.08,36.38,37.86,43.72,59.72,65.84,47.89,44.77,39.49,36.98,38.34,35.48,35.72,35.56,32.99,35.2,41.54,55.55,43.74,37.92,38.49,37.65,33.75
31.67,31.56,30.69,31.38,34.94,44.29,46.87,41.09,35.12,34.06,32.84,32.68,32,31.44,31.79,31.33,31.97,32.99,41.24,37.79,32,31.95,30.82,29.32
27.53,26.97,27.1,28.46,29.2,35.72,43.02,40.94,44.75,46.42,41.71,41.32,38.26,36.94,36.5,36.47,36.98,38.97,44.94,41.69,35.92,34.91,31.16,30.95
30.15,28.84,29.31,29.98,32.76,38.16,40.84,34.67,34.23,35.97,32.43,30.86,31.34,31.27,33.58,32.85,34.63,36.61,41.76,38.81,32.87,32.43,30.74,30.55
29.74,28.13,28.26,28.11,27.64,27.98,30.97,31.43,35.66,37.23,36.51,35.13,33.12,31.83,30.83,30,33.9,36.16,41.43,41.71,35.68,33.23,32.31,28.25
27.54,26.23,26.1,26.08,26.09,27.16,28.05,28.78,30.15,31.17,30.35,29.72,28.55,27.68,26.46,26.41,27.4,30.39,38.77,42.37,32.04,31.31,29.7,27.03
26.18,25.94,26.13,26.08,29.27,42.22,50.54,35.8,34.83,33.1,30.95,30.37,30.01,29.94,29.03,29.27,30.25,34.34,43.64,41.66,33.03,31.59,29.34,30.69
29.55,29.25,29.18,30.04,34.51,42.43,46.4,39.99,37.32,33.82,34.17,32.47,31.21,31.77,30.98,30.48,34.19,38.37,45.63,42.6,33.48,32.48,31.66,31.58
30.05,29.01,29.06,29.61,31.73,36.99,40.43,39.03,37.32,38.49,37.95,37.17,35.64,35.84,34.56,34.68,35.98,37.06,41.95,39.47,38.37,34.31,33.5,31.07
29.74,28.71,28.59,29.23,31.96,37.91,42.37,44.08,43.5,45.14,44.58,41.65,39.92,38.21,36.83,36.06,35.87,37.57,44.01,43.29,39.07,36.96,35.1,34.64
32.81,32.02,31.79,32.46,34.6,40.67,45.13,42.76,39.03,37.27,36.91,34.35,33.68,34.26,33.14,32.69,33.62,35.15,44,42.23,38.47,36.28,33.23,39.17
35.17,34.8,33.83,33.71,34.46,37.77,39.01,39.54,40.22,44.92,41.83,39.31,38.53,37.87,37.7,39.15,39.04,43.79,55.08,52.74,48.65,45.65,45.58,45.09
42.22,40.39,40.16,39.81,40.76,41.96,42.8,39.87,40.99,44.85,47.22,48.05,45.13,44.02,42.11,42.99,42.05,47.53,66.68,73.5,61.21,57.16,57.06,48.74
47.22,46.51,47.77,50.13,57.42,97.3,114.21,77.61,67.21,64.3,61.96,58.06,53.89,50.38,50.47,50.86,51.54,60.99,84.87,87.58,67.71,60.76,54.48,55.34
53.52,51.82,52.71,55.25,63.81,101.83,118.62,72.73,59.53,57.9,53.56,51.24,49.53,47.89,46.62,47.15,46.86,51.14,67.9,68.18,55.24,51.08,48.9,47.39
44.68,44.69,44.66,44.29,51.14,78.96,87.21,60.15,52.96,50.14,45.96,44.68,43.72,42.7,42.57,42.53,42.93,44.87,53.7,52.48,43.57,38.85,37.2,36.1
36.05,34.88,34.7,35.8,37.12,46.93,51.91,45.25,45.17,49.97,50.63,49.62,49.16,48.81,46.66,41.15,42.57,43.13,55.45,55.24,50.22,45.08,43.24,41.5
38.41,37.28,37.37,37.24,40.01,48.89,53.94,54.89,56.74,58.06,53.8,52.67,53.2,51,49.02,46.65,45.43,50.09,59.96,74.32,61.22,67.74,57.43,58.83
51.58,49.5,49.84,51.59,53.71,61.69,61.82,56.78,47.6,44.68,42.63,40.51,38.92,37.72,37.4,38.23,40.24,43.51,53.39,64.76,50.1,45.6,44.51,49.26
45.77,43.56,41,41.99,41.07,44.29,47.48,52.51,51.23,49.69,52.13,47.27,43.59,41.8,41.36,41.58,44.1,48.95,63.38,80.74,62.37,53.23,50.76,52.78
50.82,51.75,51.7,53.72,60.9,81.27,85.15,67.97,62.08,58.6,56.19,56.25,55.92,50.67,52.35,50.5,57.27,56.12,72.69,74.56,61.43,51.16,48.57,52.86
48.54,47.6,47.82,48.27,53.29,63.55,75.19,72.22,65.07,60.25,56.44,55.53,57.82,55.27,52.63,50.58,52.61,54.85,65.09,61.63,52.72,49.87,47.34,47.83
44.8,43.37,42.45,43.55,48.45,61.81,67.67,70.88,70.88,76.61,71.83,72.59,69.28,65.45,57.37,56.05,56.64,57.62,70.73,71.2,57.46,54.97,51.38,45.93
43.41,42.03,41.9,45.18,47.15,59.14,65.12,72.56,72.43,74.42,74.25,73.54,73.41,67.98,63.94,62.51,63.03,61.88,73.92,77.27,65.82,60.97,57.13,50.22
47.55,45.22,45.61,45.01,44.37,59.58,65.03,60.55,57.51,55.97,52.3,47.13,46.99,46.4,46.01,46.7,51.26,49.56,56.99,60.04,52.53,55.89,54.1,56.51
53.49,50.62,50.74,50.67,49.7,56.03,57.41,59.99,61.63,64.19,64.54,54.34,53.92,54.22,53.11,54.44,56.11,58.11,78.73,82.84,66.93,68.81,57.5,64.06
59.9,57.43,57.15,57.43,61.53,71.52,67.14,62.49,56.81,57.58,56.27,55.36,53.77,52.56,51.5,52.5,53.17,56.98,78.93,88.96,68.53,58.27,54.37,52.7
52.38,50.68,51.67,52.22,70.57,98.32,92.33,71.49,66.28,67.18,65.44,67.97,67.44,64.36,65.45,72.69,73.48,74.44,86.91,90.84,72.97,63.51,58.51,58.47
55.21,52.56,52.42,54.07,59.31,73.54,78.85,68.66,66.27,64.1,59.98,62.68,64.29,59.18,59.18,61.49,62.53,63.71,79.54,85.1,67.57,53.84,51.31,48.36
44.36,41.62,42.2,45.61,50.32,59.66,70.46,64.87,62.89,64.19,65.6,66.97,69.3,71.05,71,72.81,79.63,78.23,79.23,85.13,69.85,59.55,54.67,47.61
46.01,43.78,43.15,44.49,47.63,56.79,72.19,69.88,70.67,73.99,74.12,74.75,74.31,73.94,74.4,75.38,74.39,74.05,74.57,86.84,70.23,59.43,56.12,48.63
46.01,44.42,44.57,46,48.71,61.63,64.82,60.72,56.86,54.52,50.53,48.11,48.75,49.18,50.11,51.98,55.26,56.87,63.59,68.71,60.9,56.1,52.27,55.1
52.94,49.91,48.36,48.41,48.4,46.21,47.85,62.51,57.84,59.27,59.61,53.79,51.03,50.55,49.52,49.2,50.94,53.71,65.67,81.1,66.86,64.82,63.31,50.72
49.17,47.97,47.32,47.11,45.9,46.08,45.9,48.17,47.1,46.87,49.4,48.57,47.19,47.34,47.16,47.27,49.11,55.54,70.56,83.94,68.08,61.02,59.57,54.64
55.39,54.96,54.32,62.24,71.99,89.37,86.23,81.58,86.5,82.68,80.85,80.19,76.25,71.21,67.26,66.09,74.11,74.09,81.23,86.38,86.46,72.55,67.47,57.2
55.17,54.58,52.3,52.24,54.74,81.52,91.52,76.79,71.79,72.79,69.72,67.27,74.95,71.11,68,69.6,71.37,74.11,83.56,104.31,77.92,67.43,65.4,67.19
61.22,60.59,59.91,60.44,69.61,91.55,104.71,83.65,72.1,63.83,61.71,62.83,59.02,54.44,53.75,52.14,54.93,58.57,68.94,79.6,65.89,57.08,50.8,46.96
47.07,47.18,47.4,47.49,50.57,56.84,66.34,66.43,62.23,61.8,60.42,58.49,59.69,58.41,57.5,58.59,64.52,64.77,70.58,77.05,64.95,56,53.55,53.76
48.64,45.04,44.32,45.26,48.62,53.29,60.45,57.95,53.85,52.75,47.35,46.86,48.41,49.49,50.16,52.14,55.36,57.41,58.88,57.62,52.01,52.35,49.41,49.71
47.25,46.46,45.91,46.58,47.62,51.42,53.06,51.41,50.47,46.51,46.17,44.91,46.1,45.67,45.75,44.32,45.88,46.64,49.45,53.11,45.26,45.73,41.36,45.16
43.76,42.08,42.28,42.47,42.58,42.11,42.64,43.86,43.75,43.71,44.86,45.84,44.43,46.48,49.56,43.2,46.91,54.18,58.42,61.63,50.87,55.78,52.67,47.88
45.62,44.34,44.34,45.78,46.39,47.87,56.26,57.93,62.26,60.15,62.8,64.17,63.06,61.69,58.1,56.46,54.48,56.26,62.76,55.61,50.3,51.36,50.01,47.45
43.15,42.1,42,42.68,43.37,46.85,54.35,56.2,55.95,54.43,53.1,56.31,53.26,51.46,50.02,49.96,54.02,55.64,60.06,57.02,53.62,52.2,45.93,53.6
47.11,46.66,47.35,47.66,57.27,65.85,74.76,66.26,63.05,58.41,56.84,57.69,56.73,57.36,56.65,56.49,57.86,61.9,71.44,75.2,70.76,62.41,56.35,54.78
52.2,50.89,52.66,54.68,56.81,73.09,63.46,55.42,56.18,55.34,53.35,51.54,49.6,47.91,47.05,46.35,48.79,53.51,64.89,74.13,60.18,56.75,51.81,53.18
51.86,51.6,51.51,54.89,63.75,76.77,78.87,65.31,60.81,56.16,52.85,48.57,49.41,45.87,45.59,45.24,47.66,50.79,56.56,61.95,61.3,54.11,53.98,55
55.38,55.58,55.61,56.03,55.55,59.56,59.08,54.65,51.33,46.47,44.32,45.47,44.77,43.74,43.82,45.21,52.3,54.23,60.9,68.87,67.37,58.27,50.68,55.02
53.16,50.07,50.1,49.27,49.75,48.5,48.78,51.49,53.6,50.75,50.12,48.68,50.95,50.95,54.8,52.35,58.7,62.12,64.07,74.62,68.87,59.91,56.5,47.33
46.55,45.28,44.73,46.04,53.28,57.89,70.37,74.54,65.76,65.68,62.07,62.63,66.13,65.94,58.53,59.09,63.65,70.08,71.64,71.67,60.37,55.35,54.05,52.2
49.28,45.08,44.05,44.87,49.8,54.86,68.25,66.58,66.69,65.71,62.48,64.66,64.79,65.35,63.38,61.5,67.07,68.58,71.53,71.71,66.1,60.43,56.81,53.07
49.53,48.42,48.37,49.63,55.35,56.76,62.73,66.88,68.73,70.29,69.27,69.23,67.83,65.83,64.86,64.7,73.44,67.66,73.55,85.07,66.91,62.92,60.35,57.51
52.57,51.63,50.67,51.76,58.24,58.13,60.85,64.12,59.16,64.87,63.96,64.28,66.57,66.54,64.76,65.6,71.31,69.85,69.04,72.9,68.44,60.28,60.05,54.08
54.23,53.49,52.62,53.47,57.48,58.3,59.98,62.48,62.57,71.56,67.13,67.8,69.2,62.33,61.01,59.83,60.94,58.57,59.11,61.08,60.9,60.95,61.94,53.98
52.83,50.91,50.52,50.58,51.38,50.62,54.36,63.82,68.54,73.03,71.02,66.08,62.88,62.34,61.15,62.28,64.33,63.19,63.99,70.94,65.33,66.06,60.36,60.15
60.16,58.47,58.72,58.61,58.56,59.8,60.22,68.9,76.86,70.47,66.93,63.49,60.02,60.02,60.02,63.36,67.5,64.26,71.96,78.33,73.25,67.18,59.85,55.97
54.1,53.16,54.02,54.64,64.61,74.99,80.39,73.98,66.88,64.82,63.57,65.42,69.71,64.16,64.15,65.86,75.25,71.57,78.36,80.72,70.97,63.75,62.62,53.9
53.78,52.91,52.28,53.26,56.88,60.54,63.44,61.93,60.5,57.5,57.25,62.19,66.43,60.28,65.78,71.11,78.36,70.97,73.11,74.21,69.05,60.34,55.13,48.04
47.08,45.59,44.93,45.33,46.43,48.14,55.97,54.84,53.04,52.86,53.18,57.4,60.52,62.43,63.29,64.51,65.22,66.42,62.96,65.45,59.61,53.34,49.32,47.63
44.44,42.46,41.8,41.3,44.14,52.85,55.97,56.34,58.46,63.69,61.52,62.7,61.47,68.65,68.17,70.64,74.06,71.09,68.32,67.11,63.43,64.26,55.99,52.28
48.36,46.77,45.53,45.73,47.13,54.38,57.42,57.85,62.67,67.71,66.04,64.85,65.4,64.81,68.49,72.68,75.31,69.88,70.33,72.23,69.67,62.75,56.4,67.97
67.13,63.84,54.35,55.05,52.57,51.42,58.55,68.56,72.03,65.37,69.64,70.09,67.51,67.37,70.06,69.48,75.1,76.88,73.02,74.94,69.99,62.28,58.77,58.27
58.75,53,51,49.47,48.4,45.11,47.09,54.09,57.12,58.98,60.96,64.18,68.6,72.21,72.18,78.05,80.51,80.31,80.42,81.63,79.97,70.65,61.1,62.51
53.33,49.87,49.23,50.41,54.83,52.93,60.15,64.81,62.27,71.66,75.68,75.84,76.52,74.95,75.82,76.48,76.67,76.09,72.08,74.34,65.14,59.35,59.34,52.66
49.91,47.85,46.54,47.38,50.58,67.22,65.86,66.98,66.35,62.93,61.9,62.73,63.2,63.22,64.64,73.55,78.26,76.32,71.83,71.02,69.26,62.52,61.94,64.44
58.67,55.34,54.21,55.28,64.88,64.64,59.63,62.25,65.5,65.62,63.73,65.02,67.58,65.51,66.02,66.16,71.93,72.46,73.54,78.77,75.41,62.56,61.54,55.69
52.41,50.14,48.34,50.1,54.14,63.57,66.43,66.15,69.42,65.92,66.45,68.5,70.17,70.24,75.65,77.83,85.74,80.79,77.05,78.35,64.81,64.96,63.45,55.99
52.08,49.33,47.43,47.54,49.79,53.76,59.63,60,63.35,68.44,67.03,72.1,69.3,73.84,74.82,86.45,89.29,84.33,79.66,84.12,76.37,66.38,62.87,62.19
55.94,51.91,51.5,50.8,50.81,50.45,52.52,58.48,62.14,73.27,76.89,80.66,87.84,99.73,105.23,128.77,135.47,109.95,94.53,93.98,95.57,75.94,68.43,65.7
62.41,53.57,51.87,51.39,49.87,48.54,53.14,57.21,61.09,74.82,78.17,84.63,88.17,91.36,100.61,109.44,117.24,97.01,86.04,80,78.37,61.92,60.66,56.07
53.22,49.81,48.32,47.83,49.26,53.29,59.99,63.86,57.69,62.18,62.21,63.53,62.33,63.53,68.15,65.91,68.61,66.48,64.91,65.35,57.28,54.36,53.68,54.08
51.26,50,48.22,49.57,53.91,60.81,63.23,70,70.26,61.71,64.11,63.77,60.61,64.31,66.7,64.32,65.57,68.2,68.5,71.66,66.67,59.63,57.4,54.71
52.79,50.22,49.01,50.56,54.6,61,64.54,64.19,64.54,59.51,60.11,63.37,66.99,66.04,64.21,68.61,75.67,78.26,77.93,77.05,69.62,62.53,64.93,57.2
53.67,51.49,49.99,51.24,58.75,61.4,60.43,60.9,61.99,67.49,71.25,71.19,70.87,70.22,71.51,76.49,80.86,76.22,76.51,77.9,77.5,68.97,65.45,61.03
58.67,56.57,55.39,56.13,59.7,70.33,71.56,75.34,81.64,81.02,82.48,83.87,81.96,82.3,80.25,81.36,81.86,81.95,81.1,82.12,76.86,72.5,75.15,60.44
56.27,54.88,53.6,53.42,54.73,55.21,55.45,57.51,60.97,59.18,60.18,59.51,56.98,59.37,60.21,61.68,66.84,67.44,66.34,64.41,61.58,60.51,59.2,57.26
55.05,53.24,51.26,49.98,48.71,45.08,46.98,52.72,53.82,53.37,54.03,54.14,52.36,53.54,58.2,71.2,76.51,78.31,73.24,66.61,64.14,63.62,65.51,52.45
49.79,48.69,45.56,44.58,46.49,44.72,48.17,50.62,54.02,58.86,63.03,64.76,73.23,80.36,87.42,106.74,116.5,106.75,93.23,85.88,84.44,71.54,67.42,58.67
52.8,49.19,46.76,46.26,48.64,53.35,62.98,60.87,64.8,76.15,82.19,90.49,123.27,138.8,161.56,191.67,203.09,166.41,120.24,109.8,102.05,80.46,73.46,73.26
63.26,56.3,53.59,53.72,56.53,64.31,75.33,77.09,75.39,79.04,83.65,89.19,101.18,101.52,109.62,117.41,111.8,96.99,84.42,80.11,77.26,69.73,72.98,65.76
60.78,55.77,53.05,52.52,55.03,60.29,65.12,66.72,69.15,75.97,80.07,78.56,89.04,90.74,90.37,89.15,88.75,79.5,75.5,75.83,72.94,66.36,65.03,65.77
58.73,53.83,52.1,52.11,54.99,64.96,65.15,65.29,64.61,67.36,73.66,73.55,74.59,75.29,76.87,86.9,88.87,85.3,76.33,72.79,70.8,67.45,61.68,65.31
60.97,58.54,55.73,52.23,50.96,51.46,54.06,56.49,58.91,60.51,61.68,60.82,59.46,60.05,72,72.5,80.49,78.23,72.24,66.88,61.42,57.23,58.04,64.35
62.4,54.44,53.22,52.92,49.76,48.9,48.5,51.86,51.82,55.63,57.35,59.02,55.3,59.63,65.99,69.87,77.78,77.11,72.99,72.03,72.42,59.92,61.33,55.51
54.1,49.52,47.79,48.28,52.37,53.77,57.49,54.38,59.84,61.34,68.6,69.84,69.78,75.22,82.55,95.44,102.29,93.88,77.55,75.98,71.46,63.8,60.79,65.27
59.46,53.82,51.6,51.86,56.2,63.2,66.71,69.79,67.99,72.03,75.88,76.37,78.96,82.22,81.02,82.24,84.83,81.77,81.42,80.89,75.63,70.17,70.07,66.38
60.54,56.14,55.16,55.57,58.45,67.63,66.66,69.02,71.87,80.88,82.45,82.25,95.07,97.13,106.53,116.41,120.58,107.43,97.05,92.29,90.22,79.5,74.33,69.08
60.92,57.12,55.88,56.07,59.39,67.03,67.21,67.36,68.85,73.57,76.02,77.85,80.1,80.47,82.92,84.04,85.48,88.49,84.68,82.78,80.55,68.66,65.07,62.32
60.41,57.01,55.43,55.21,57.3,60.15,61.69,60.81,63.69,66.41,72.54,75.64,77.5,80.73,84.09,98.78,100.97,93.06,85.91,83.11,82.5,73.93,64.69,60.27
58.73,54.47,52.45,52.34,52.12,51.98,52.76,55.05,61.54,65.05,64.02,65.77,65.43,66.21,67.22,72.96,76.46,75.91,74.87,73.22,74.9,71.53,64.65,57.63
56.35,54.16,51.75,51.86,51.94,51.18,52.61,57.36,56.7,62.86,65.11,67.72,66.73,66,64.88,66.9,77.39,74.86,70.72,72.65,74.51,73.47,66.85,62.86
54.81,52.81,50.73,51.6,53.73,60.18,62.82,67.29,72.88,77.89,82.47,84.88,98.01,101.67,105.71,126.91,135.06,117.17,102.16,95.24,88.94,78.2,72.97,73.62
68.9,61.93,57.28,56.09,59.91,72.2,74.23,81.17,74.38,79.8,79.26,85.3,94.68,95.91,101.59,113.15,134.37,114.49,96.81,90.63,88.32,74.14,72.96,67.63
59.43,56.28,54.45,54.22,56.02,65.25,76.02,81.78,74.56,87.74,90.28,92.12,103.35,114.35,111.5,140.08,140.55,102.49,87.65,85.19,87.22,84.88,76.07,67.3
58.57,54.36,50.42,50.05,53.42,63.08,65.35,72.42,75.95,79.88,95.23,98.68,104.43,102.95,116.01,135.68,145.15,116.41,93.41,94.62,92.36,78.11,71.57,68.22
61.45,58.07,53.37,52.85,57.71,67.48,80.82,90.66,91.39,104.47,105.35,109.85,112.23,121.22,136.51,139.32,131.8,111.49,98.33,93.07,87.48,77.93,69.7,61.36
54.43,51.31,49.31,48.8,48.37,47.43,48.82,49.5,52.23,50.68,52.31,53.05,48.94,46.97,47.14,48.58,50.11,50.66,49.51,50.35,50.59,50.36,47.42,44.64
43.34,42.74,39.65,39.28,37.02,33.45,35.37,36.17,40.32,40.76,40.48,41.07,38.74,39.99,42.11,45.51,51.7,54.43,56.01,55.16,54.57,51.46,47.18,42.15
40.6,38.67,37.45,36.4,40.22,42.07,45.16,47.04,47.8,49.27,52.17,56.03,58.3,61.5,63.47,65.24,80.82,79.65,73.24,71.77,66.86,59.29,55.08,51.51
43.08,41.16,39,38.79,41.27,47.02,53.66,57.04,57.72,58.23,62.99,62.38,67.49,71.51,76.23,77.03,89.87,80.85,77.73,73.64,71.99,68.27,60.37,57.48
47.88,44.34,42.75,42.64,44.83,52.53,61.79,68.33,66.09,59.18,63.37,63.01,66.79,68.43,68.7,70.42,73.28,66.04,59.62,56.8,54.22,51.26,50.92,59.14
50.47,46.43,42.29,42.59,47.73,55.93,57.22,59.59,59.25,57.3,58.92,57.42,58.88,59.65,58.78,61.73,66.64,63.45,61.07,54.75,52.53,57.95,55.73,47.44
41.06,39.16,38.48,38.13,40.66,43.49,45.27,46.48,50.98,50.96,55.26,58.68,68.64,76.82,83.52,97.68,95.3,87.27,72.01,61.89,56.52,57.18,53.79,49.75
42.74,39.51,38.8,37.5,36.98,36.94,37.75,40.27,44.4,49.67,61.15,67.1,68.2,71.59,77.95,94.11,111.98,99.65,75.46,69.33,62.84,62.64,58.72,57.42
52.95,49.48,41.97,40.14,39.56,37.12,37.75,42.22,49.4,58.72,65.96,71.86,73.42,86.15,87.33,101.91,111.56,97.25,79.85,73.32,67.51,62.8,58.08,56.28
53.46,43.27,41.43,41.59,45.25,51.32,58.03,66.01,69.18,71.92,71.56,71.53,73.05,75.24,78.03,78.11,86.07,80.09,66.08,63.05,61.49,54.06,46.76,47.44
41.96,39.05,37.52,37.26,39.54,41.8,45.11,46.19,48.31,45.34,45.56,47.61,49.58,59.08,60.24,66.32,71.28,69.17,61.78,56.58,53.81,50.51,45.12,42.92
40.14,37.3,35.88,35.66,37.61,41.26,44.74,49.05,49.58,56.41,57.13,63.1,67.48,75.25,88.4,99.02,104.34,97.69,80.17,73.89,69.39,61.59,55.96,52.53
48.75,43.26,41.07,41.33,43.07,47.07,52.64,55.17,59.65,64.58,69.59,80.72,86.55,91.19,104.35,132.67,139.52,115.54,99.01,83.37,82.36,70.56,66.4,59.19
50.14,46.35,43.93,44.04,46.79,53.35,58.11,68.14,75.36,79.88,91.69,109.4,114.08,128.9,138.95,166.26,158.06,127.86,104.68,90.28,86.59,78.54,72.55,69.65
61.19,56.22,49.65,47.07,45.84,44.9,46.3,56.16,64.9,70.64,82.61,82.44,83.2,85.39,89.9,101.88,104.26,81.57,72.62,65.04,64.55,59.54,55.24,52.3
47.25,43.55,40.99,39.17,37.8,37.02,38.48,43.91,46.09,49.15,56,63.53,67.27,65.89,72.51,93.84,103.13,93.63,74.34,64.4,60.23,54.64,51.06,46.03
43.73,39.92,38.41,36.4,36.02,35.46,37.64,43.07,44.66,47.83,50.88,57.82,62.82,66.79,75.82,91.72,96.67,91.44,74.12,64.79,62.59,57.61,53.95,52.39
45.17,40.21,38.9,38.39,40.61,46.58,55.07,60.28,64.43,67.03,69.36,74.46,87.12,92.41,101.63,118.84,122.82,99.56,76.76,65.19,66.89,67.63,63.78,63.86
55.96,52.51,48.77,47.89,50.59,56.38,59.11,73.35,79.26,85,80.71,94.56,103.67,101.86,112.16,131.45,131.31,117.24,95.41,78.99,72.4,69.15,67.98,58.91
52.48,46.44,43.41,43.34,46.51,51.29,54.91,62.09,64.37,65.07,65.04,69.09,75.73,78.35,80.73,82.78,82.07,75.76,69.61,65.9,63.37,62.44,59.2,49.45
44.29,41.36,39.79,39.18,40.57,44.48,50.69,55.25,53.24,58.15,63.05,67.62,73.72,74.37,92.54,96.2,98.9,80.34,73.17,71.35,66.67,64.76,57.78,54.88
51.09,50.17,45.71,43.77,43.75,42.32,43.82,47.61,47.15,49.7,54.91,55.56,60.28,54.42,53.96,53.01,62.14,60.68,51.28,49.74,55.53,53.58,47.81,45.52
39.45,39.12,37.61,36.48,33.06,33.97,35.91,38.32,40.46,42.15,44.31,46.57,49.14,52.8,54.89,61.97,70.82,67.22,58.9,51.1,51.05,51.97,48.01,44.28
39.35,37.17,35.99,35.68,36.6,44.27,45.08,46.38,48.99,52.18,55.25,60.04,62.42,70.23,77.79,96.68,107.64,94.35,74.17,64.37,60.35,55.48,51.47,52.96
45.78,39.35,36.92,36.56,40.28,47.47,48.67,54.63,57.59,63.74,74.04,81.78,91.1,99.64,103.76,111.42,112.66,99.9,88.08,78.46,74.68,67.45,62.42,62.23
54.98,50.45,44.92,44.45,48.29,54.6,58.38,65.98,70.28,72.58,86.76,90.64,91.24,97.95,107.7,119.39,111.05,104.64,94.66,88.83,87.89,76.52,70.76,62.11
55.35,48.79,44.64,44.01,47.54,51.5,55.95,61.27,64.61,70.79,79.49,84.66,86.81,93.44,103.64,112.75,108.19,102.15,86.43,79.34,76.04,68.22,65.06,57.06
50.78,46.94,44.52,43.47,45.29,50.04,53.49,59.19,64.93,69.29,75.82,80.33,86.97,91.01,100.33,117.22,116.69,98.1,84.86,74.23,68.02,68.75,61.21,57.58
52.47,48.75,46.41,44.41,44.07,44.49,45.01,51.32,54.15,61.83,67.14,73.04,75.6,79.84,82.1,83.92,87.79,81.37,74.67,69.18,69.11,65.24,61.07,57.85
53.14,51.12,47.81,45.42,44.7,44.47,44.01,47.7,54.38,60.09,67.73,73.83,80.38,86.42,85.33,97.57,102.72,97.13,84.98,82.09,84.76,73.88,70.67,66.51
57.35,49.51,47.64,47.63,56.63,66.98,67.82,76.5,75.31,81.9,88.95,96.16,100.5,100.15,102.54,107.71,112.23,100.42,93.1,86.59,80.4,71.43,69.86,68.12
56.99,50.96,46.75,46.39,49.76,55,60.11,69.44,82.87,100.47,101.57,119.97,132.3,138.97,156.74,176.92,191.69,163.17,137.22,111.66,108.22,97.56,80.37,74.35
61.7,59.58,55.08,53.44,56.75,61.98,78.21,85.17,99.36,112.45,133.22,144.83,155.92,164.37,175.81,201.13,208.29,181.58,151.28,133.02,127.66,109.28,95.41,87.97
79.08,69.39,63.02,63,69.14,79.52,94.57,104.42,113.79,124.87,147.34,164.66,181.31,191.31,200.75,224.46,223.07,194.2,166.53,137.3,127.23,112.73,96.72,90.57
75.82,62.22,57.79,57.41,64.11,74.33,86.6,102.65,108.81,118.69,143.13,156.46,182.24,202.58,215.08,239.21,226.49,194.46,160.62,141.47,126.37,112.06,99.1,87.42
77.55,67.67,61.19,59.41,58.75,58.87,60.42,69.15,88.12,108.34,120.13,132.22,142.4,164.38,174.5,194.31,208.3,179.15,143.72,125.72,121.02,111.69,95.73,85.58
81.67,70.83,65.55,62.35,60.31,58.35,60.75,71.61,88.35,102.27,121.1,134.09,150.06,158.48,171.08,193.56,215.94,194.38,150.17,139.03,128.04,114.51,107.16,95.35
85.51,80.76,74.47,77.8,83.34,90.53,97.18,104.87,113.35,127.41,137.84,148.27,155.76,162.99,163,162.64,153.68,144.45,119.81,119.36,113.13,106.58,92.9,83.3
77.79,68.53,62.52,62.47,69.74,76.13,83.35,86.46,91.82,94.11,100.18,102.21,112.9,115.5,120.41,126.52,126.19,115.02,106.29,100.42,96.25,92.33,78.66,74.23
62.44,57.01,54.33,54.12,58.52,75.62,78.51,78.99,80.61,90.07,98.05,105.39,111.45,114.91,123.11,138.09,145.31,135.65,118.89,111.59,107.34,93.38,86.33,82.48
70.65,66.78,60.63,59.81,67.29,74.37,78.68,86.82,98.94,107.35,113.57,117.9,127.89,131.81,145.86,160.57,158.45,142.36,124.64,117.36,111.17,101.54,87.49,82.52
74.23,61.63,58.99,57.35,61.1,69.73,79.9,86.59,93.69,100.46,106.21,111.43,114.55,116.02,128.5,127.37,128.88,114.48,103.48,100.85,95.02,87.41,80.46,74.34
66.63,59.9,56.27,54.43,53.56,53.28,55.54,60.1,66.78,74.32,79.02,89.75,91.38,96.21,105.36,120.66,133.81,117.01,101.49,91.17,86.77,78.1,71.46,66.29
55.94,54.9,53.85,50.95,51.61,49.94,50.92,55.57,59.02,69.99,77.8,84.39,90.23,93.51,100.89,111.64,126.48,116.57,101.56,93.51,92.95,80.62,78.37,65.09
56.93,53.35,50.97,50.69,54.55,64.93,66.54,68.84,76.74,79.93,88.99,90.64,93.72,99.01,100.42,109.04,120.33,111.5,105.85,98.52,96.78,85.02,76.4,73.57
64.72,55.41,54.16,54.24,57.7,68.25,72.86,78.61,89.59,96.55,101.51,116.48,121.09,123.02,141.58,150.68,164.52,162.73,139.89,105.25,100.37,91,78.27,70.76
62.11,53.86,51.11,50.1,52.14,58.25,64.12,72.3,79.35,87.65,94.09,107.71,111.93,124.79,141.23,168.48,178.17,151.02,119.66,104.84,98.75,94.86,87.79,82.2
70.7,61.12,55.68,54.38,60.87,72.95,72.42,77.64,86.01,99.93,116.42,132.56,155,164.83,181.95,215.49,208.38,178.96,153.94,124.66,120.52,100.72,90.34,78.61
69.15,58.58,54.49,53.68,61.36,70.33,77.91,84.37,92.21,99.98,110.35,127.51,133.39,138.48,142.59,151.53,143.28,131.37,118.85,108.01,100.41,92.28,76.57,78.68
73.28,68.59,62.56,58.16,57.69,56.45,60.82,73,80.88,92.39,98.74,103.12,114.62,119.34,129.96,145.72,129.35,118.64,112.23,102.72,93.85,89.89,80.4,73.24
68.32,62.88,58.01,55.78,53.99,52.77,55.61,65.75,75.1,90.09,100.98,114.06,125.39,126.39,135.89,162.56,176.27,162.21,130.47,123.31,106.66,97.85,86.07,77.39
71.4,63.59,58.77,57.64,66.5,75.21,83.48,90.26,98.87,109.35,125.14,148.32,175.61,181.02,203.42,229.73,242.12,195.04,167.98,128.38,108.95,105.11,93.51,89.37
79.77,73.39,69.3,69.1,76.59,83.59,94.38,100.07,115.03,124.14,144.98,172.08,188.48,202.14,215.43,245.71,220.8,185.01,158.68,131.25,112.42,97.59,88.42,85.01
77.29,70.67,65.36,65.79,73.73,80.94,89.84,95.43,98.69,105.39,116.9,128.37,141.52,141.82,157.88,163.14,155.76,147.19,123.45,107.02,101.3,89.17,81.36,75.2
68.31,61.53,57.94,56.26,64.32,73.8,78.99,79.91,89.31,89.74,93.19,104.08,106.1,115.17,122.58,135.19,126.15,113.47,104.27,94.26,84.39,76.47,67.87,69.71
59.13,53.38,51.05,50.6,54.76,64.4,71.58,72.24,71.9,72.24,76,80.99,86.64,93.99,99.02,103.1,113.98,97.18,84.23,79.64,75.08,73.44,60.02,60.85
56.11,54.75,53.35,51.56,51.14,50.24,51.45,54.32,56.31,59,61.57,60.78,61.91,64.65,70.2,77.55,84.41,79.07,72.39,69.04,65.61,63.79,58.21,58.96
56.57,54.13,51.27,49.51,49.81,47.25,47.43,52.64,56.34,60.39,63.03,64.21,68.56,68.73,71.52,78.23,84.77,82.83,75.95,74.85,72.42,67.01,64.22,65.66
59.23,54.09,52.61,53.55,60.29,71.78,71.57,71.57,75.44,75.84,80.12,83.63,86.26,89.78,89.03,93.47,102.41,93.3,88.64,82.98,81.12,72.21,70.57,62.3
56.27,53.18,51.04,51.19,55.79,59.14,62.51,64.96,67.33,69.82,72.67,75.33,78.23,80.74,85.66,93.11,98.13,87.73,81.83,79.64,74.33,68.34,62.48,57.15
55.82,51.82,50.96,51.13,54.52,57.54,56.91,59.49,62.19,71.39,76.35,81.18,86.16,88.94,97.84,107.43,114.2,100.23,90.68,86.12,84.36,71.9,63.88,63.8
59.17,55.46,52.77,53.29,57.5,66.15,66.94,66.2,69.25,73.91,79.46,86.3,93.5,102.25,108.7,130.85,143.43,123.02,108.56,97.45,89.62,79.18,74.5,65.41
62.01,56.92,54.79,54.41,56.69,63.88,67.75,69.55,75.09,80.9,89.05,98.89,110.91,116.09,133.34,157.48,157.06,127.38,115.42,100.76,91.34,82.39,78.85,76.49
75.82,65.58,60.41,59.74,59.75,60.78,62.07,68.1,75.55,80.97,96.13,103.65,109.82,114.87,128.3,138.72,140.43,123.29,111.87,108.36,98.47,83.05,80.32,74.52
68.31,62.43,59.9,58.25,58.24,57.97,57.92,64.95,71.04,78.57,89.8,96.3,98.54,100.23,106.99,113.08,113.09,106.64,99.06,97.21,92.66,79.8,77.09,71.41
65.03,60.44,58.4,59.22,65.06,79.88,79.78,79.96,81.84,87.61,91.02,94.8,98.26,102.84,107.14,110.1,110.73,103.82,98.79,96.05,89.13,83.79,76.79,78.02
72.69,61.86,58.68,59.26,65.65,77.93,76.64,76.63,78.5,86.42,93.88,103.24,111.54,119.03,125.84,137.68,142.28,126.26,113.71,111.68,101.56,88.42,79.56,80.37
71.41,63.52,59.95,60.12,64.48,74.18,79.66,80.71,85.03,91.81,100.53,112.75,129.76,127.16,141,167.21,174.89,149.05,120.98,117.18,107.44,91.05,84.59,79.04
70.63,65.99,62.39,62.88,67.41,76.88,78.95,79.73,88.59,93.03,102.78,113.67,121.38,130.42,146.37,190.54,180.77,141.67,120.01,120.99,106.53,94.19,88.89,81.31
74.41,64.09,61.11,61.07,65.34,78.98,81.94,84.64,94.34,102.59,117.81,121.92,125.75,131.48,143.52,158.14,144.33,120.86,115.81,110.63,96.6,89.57,81.28,78.28
70.54,63.31,60.21,58.79,59.21,59.18,61.68,65.17,79.08,82.6,92.37,98.05,99.28,102.71,112.29,129.15,130.12,116.78,101.97,95.53,89.58,82.05,76,72.2
66.52,63.92,62.15,59.79,58.99,58.55,58.42,62.65,70.86,77.94,84.43,87.6,92.19,101.14,104.72,123.51,132.24,127.54,105.93,106.82,92.92,88.17,83.24,75.6
66.16,60.45,58.69,58.66,65.6,78.74,87.37,91.96,100.82,107.22,115.03,122.38,148.91,158.61,197.17,214.87,215.81,152.51,135.11,119.89,113.46,103.87,92.46,86.46
75.93,72.4,68.42,70.35,79.44,90.34,90.52,93.08,97.16,108.41,113.93,122.72,151.74,158.66,171.37,173.26,161.33,141.44,115.8,117.96,104.48,89.01,82.98,76.18
71.39,64.12,61.63,61.45,66.57,78.02,79.04,81.36,84.55,84.45,91.89,94.97,102.36,117.02,122.74,129.36,130.45,118.83,100.94,95.23,88.01,83.43,78.78,68.09
62.18,58.61,56.29,56.73,61.11,70.67,70.51,71.61,72.41,75.24,82.94,87.64,91.5,101.01,116.26,128.64,123.99,104.75,93.91,91.07,84.75,77.16,76.89,68.15
62.49,58.3,56.54,55.6,59.76,66.78,64.33,67.81,71.06,68.75,72.09,81.23,83.42,89.98,99.85,104.24,110.61,96.66,88.59,87.76,80.74,76.45,68.13,72.67
67.02,61.58,57.4,55.99,58.16,60.22,63.34,67.05,73.56,79.72,87.89,88.06,98.51,105.54,105.36,122.27,125.17,106.72,102.67,95.92,89.96,86.46,77.04,72.07
64.91,61.45,56.67,55.26,56.69,56.54,56.85,63.28,64.76,70.16,80.08,88.98,98.66,105.12,115.45,124.8,128.33,113.92,103.97,90.38,87.17,76.22,70.85,72.11
69.9,63.13,58.83,57.58,58.27,62.34,62.1,67.82,70.3,73.13,76.75,80.95,79.96,83.95,89.68,95.36,101.85,91.25,88.01,89.08,84.67,74.76,73.81,74.48
70.09,63,60.99,62.57,72.4,84.85,87.6,87.59,89.94,86.42,89.68,86.51,86.91,88.53,89.49,95.12,97.04,89.41,88.95,88.93,84.67,77.47,70.03,71.38
63.94,58.7,56.96,57.77,68.17,75.7,76.2,76.36,74.85,73.05,73.04,70.21,69.77,71.66,72.65,78.03,82.3,78.2,75,75.99,72.97,67.07,60.63,62.22
57.44,54.87,53.03,53.77,61.85,68.26,69.17,68.64,65.67,69.42,71.23,74.26,79.44,87.81,95.49,102.02,107.52,97.2,87.69,77.64,73.05,66.33,61.34,61.12
54.89,51.72,50.06,50.24,55.18,64.42,67.09,60.81,63.44,61.66,66.27,69.28,74.76,79.1,87.28,96.21,102.54,84.58,74.35,69.68,68.3,63.99,60.33,65.81
65.72,58.96,55.96,53.61,53.86,55.97,59.62,59.35,60.85,61.85,65.17,68.16,70.87,73.8,79.64,84.3,86.16,79.29,76.11,73.15,70.3,67.63,65.06,65.24
59.13,58.19,53.54,53.76,55.19,57.76,56.49,58.91,61.25,59.43,62.71,65.5,60.73,65.73,66.25,70.61,73.86,73.9,74.78,73.8,60.91,63.7,63.11,58.37
56,51.82,50.33,52.33,58.01,74.21,75.72,73.57,76.82,80.21,83.67,85.84,85.87,90.68,93.94,102.97,110.68,95.48,88.21,84.62,76.56,69.08,68.14,70.88
67.43,62.98,59.43,60.32,67.62,81.81,78.68,74.28,75.63,75.31,79.05,86.67,90.42,89.44,98.67,99.22,101.27,89.72,79.31,75.56,70.35,70.82,63.15,63.65
57.02,52.57,50.8,50.97,57.59,64.84,64.83,61.53,62.31,64.9,67.98,70.76,72.27,81.25,87.14,92.47,102.11,91.98,84.06,79.58,73.49,73.79,67.6,66.56
61.4,57.07,55.48,55.47,58.4,71.57,68.29,67.79,68.25,67.51,63.06,64.91,69.75,74.25,72.23,84.09,86.04,79.67,67.46,63.47,58.69,64.31,60.63,59.55
55.65,52.51,51.31,51.96,54.22,61.69,70.02,65.55,60.79,59.1,56.82,61.83,61.82,67.41,71.52,85.46,91.17,79.35,73.3,71.32,66.6,71.51,61.49,59.27
56.44,52.46,49.88,50.08,50.56,51.95,51.79,53.05,56.81,57.94,61.16,63.96,67.63,68.37,74,85.29,94.5,79.32,73.54,69.6,64.63,71.47,65.91,53.97
51.36,50.19,47.96,46.9,48.07,48.34,49.71,51.2,55.08,60.27,62.36,70.98,74.48,89.47,97.56,111.4,126.28,107.45,101.26,89.46,81.69,73.73,68.06,62.7
56.37,50.85,49.54,50.28,58.42,74.24,75.49,74.25,75.41,79.88,83,91.74,104.64,108.74,125.66,144.99,147.22,118.73,108.83,105.85,86.84,82.11,75.8,65.68
58.17,51.95,49.12,49.79,55.07,69.48,72.89,68.19,66.62,67.3,69.45,72.42,75.41,86.96,89.41,108.47,118.69,90.47,87.01,81.42,68.91,61.79,58.39,53.76
50.89,48.75,47.35,47.57,49.46,59.23,61.49,58.72,60.55,59.18,70.12,69.87,74.18,80.62,88.65,101.26,104.05,84.46,80.28,70.74,68.52,69.99,62.19,59.82
54.69,49.23,48.01,49.23,56.65,70.31,71.93,68.29,71.21,60.45,64.63,60.87,60.43,57,56.88,55.79,55.7,55.93,59.8,57.91,54.8,51.23,49.86,46.27
42.75,41.21,41.26,41.21,42.69,53.9,57,52.65,50.89,49.63,48.04,45.87,44.63,44.53,44.74,48.41,53.25,54.24,56.84,52.02,48.31,50.03,43.96,39.12
38.12,37.02,37.4,36.69,37.84,39.97,43.28,44.26,42.24,35.57,33.22,33,31.3,32.96,34.5,41.39,42.45,44.8,44.72,42.38,41.62,40.59,33.44,33.87
30.88,27.85,27.28,27.32,26.31,27.94,28.66,30.17,33.29,34.43,36.17,35.06,33.46,34.73,34.09,38.11,42.96,44.26,48.23,44.27,38.91,37.6,33.9,32.89
29.56,28.53,28.4,28.7,31.67,43.86,44.69,44.28,42.03,40.61,40.29,38.27,38.63,38.39,40.09,41.04,46.92,47.05,52.04,43.55,38.1,39.21,34.96,34.59
32.3,31.06,30.46,31.11,33.46,52.43,55.54,48.23,45.26,40.52,39.8,36.44,36.65,38.68,38.56,39.99,42.64,44.61,49.62,42.68,38.58,38.58,35.83,35.65
33.75,31.54,31.15,32.5,36.76,47.61,53.99,45.7,44.6,45.65,45.08,43.39,46.83,44.96,45.87,50.44,51.65,53.32,61.36,51.58,49.01,45.77,40.48,40.19
38.96,36.47,36.42,37.69,43.99,58.34,62.06,56.54,52.15,47.28,47.43,44.54,47.08,46.54,48.83,50.45,56.18,56.43,62.08,54.03,48.05,43.8,43.77,40.99
38.93,36.93,37.12,38.72,41.1,51.92,60.44,61.47,57.71,52.85,49.59,49.66,48.53,48.32,48.02,48.32,51.69,52.51,53.54,49.19,45.81,47.98,43.76,43.56
43.93,38.67,36.05,36.36,37.23,39.81,41.04,43.87,46.1,43.26,42.5,39.79,37.79,36.39,37.47,38.63,42.28,42.71,55.31,45.34,41.01,37.98,36.78,36.97
36.5,31.45,31.02,31.19,32.36,33.77,37.01,37.17,37.33,38.44,37.33,37.87,36.94,37.61,35.68,39.24,43.35,47.68,55.35,45.28,39.57,38.06,36.03,36.21
32.96,32.23,32.85,37.49,39.75,54.8,59.73,56.22,54.43,54.43,50.41,44.26,42.71,42.8,41.37,42.39,48.45,50.67,60.65,48.08,47.4,41.64,39.22,39.83
38.48,37.53,38.23,39.17,44.07,46.24,53.98,53.46,53.19,52.97,53.95,48.36,48.46,47.65,46.51,48.35,46.26,47.38,55.94,49.34,48.2,41.85,43.31,44.16
40.61,36.95,36.23,37.6,40.43,44.67,48.8,48.2,48.38,51.55,50.96,48.97,51.5,49.97,46.66,47.25,49.49,50.41,56.44,47.65,45.88,43.87,43.18,46.98
45.21,40.54,39.91,41.71,47.64,59.58,68.1,57.5,52.66,54.07,52.52,51.48,52.08,51.41,51.57,53.93,56.2,61.85,75.51,56.55,53.85,49.89,47.67,42
41.79,40.46,39.94,41.26,45.05,50.21,55.43,48.53,46.61,49.19,52.19,52,52.89,53.47,53.28,57.68,57.86,64.66,72.18,54.21,54.3,53.23,47.12,51.39
55.11,46.35,45.16,46.04,46.17,48.53,49.8,51.45,48.25,45.41,42.8,41.11,39.58,39.16,38.26,38.56,41.03,54.51,61.51,49.05,43.95,46.46,43.97,41.23
40.64,38.67,38.61,38.55,39.73,39.99,41.83,42.09,38.47,38.86,37.81,37.15,36.18,36.39,35.94,36.72,41.84,52.95,71.16,49.25,46.72,45.2,43.75,44.83
43.52,42.42,42.74,45.03,49.64,61.12,65.22,58.03,53.14,50.47,46.92,46.74,45.99,46.34,47.01,50.92,57.62,69.54,71.64,56.09,46.17,47.52,52.07,46.55
44.32,47.23,47.44,48.1,47.89,69.13,70.11,69.14,60.02,52.69,52.84,51.57,50.62,52.79,55.48,65.77,74.65,88.18,88.93,67.27,63.46,48.64,77.49,45.86
40.49,40.52,40.6,41.67,46.91,70.38,70.16,64.37,55.53,50.55,50.18,50.1,51.71,52.46,52.11,55.54,58.22,66.28,72.04,55.64,51.11,49.22,49.6,45.51
43.68,39.97,39.22,41.6,47.99,55.72,58.57,61.45,60.24,59.23,60.04,59.29,61.8,60.44,60.57,60.95,68.32,81.2,86.09,69.43,61.38,57.37,45.29,49.31
45.11,42.2,41.38,40.47,45.2,58.97,71.11,59.53,53.11,51.28,47.69,43.61,43.68,45.64,46.05,49.08,54.08,64.81,59.92,53.85,51.32,48.43,45.38,44.88
44.27,38.3,39.1,38.63,40.6,41.97,48.23,49,47.64,49.43,45.54,39.69,38.16,39.2,39.87,47.88,50.03,64.31,69.81,53.49,48.92,45.37,43.31,45.09
42.03,38.86,37.35,38.17,38.48,42.74,45.04,45.16,43.07,42.62,39.31,37.18,36.74,38.06,37.68,38.34,39.27,50.96,66.81,48.93,43.37,37.15,36.95,38.48
37.37,36.92,36.99,36.36,41.45,54.9,61.08,59.44,58.75,58.49,54.34,51.13,52.7,52.79,48.71,50.57,61.55,79.3,81.15,60.67,55.06,47.55,46.69,43.54
43.05,40.98,41.24,44.12,47.51,61.36,86.29,71.94,63.14,56.04,51.75,49.39,48.58,47.58,47.82,50.66,58.72,84.51,88.63,64.77,56.04,51.16,49.26,45.8
43.76,43.46,43.78,45.14,48.51,69.06,96.72,62.85,56.4,51.27,53.27,50.56,49.73,48.78,47.16,47.94,53.12,74.12,74.7,60.64,52.96,53.04,50.88,45.21
42.99,42.57,42.15,43.49,50.72,79.12,98.2,64.27,54.56,47.3,45.94,42.43,41.29,41.22,41.26,43.6,52.79,82.99,80.4,57.18,51.95,47.99,46.66,43.12
40.09,39.48,39.1,42.27,44.91,66.53,85.88,59.33,52.29,44.93,41.42,39.26,38.44,38.1,38.89,39.14,45.63,55.48,54.78,46.97,43.6,40.93,39.76,42.56
40.69,37.89,36.29,37.11,38.71,45.09,46.62,44.63,38.64,34.37,33.41,30.03,30.32,29.79,28.62,32.66,39.96,55.62,49.8,41.96,35.46,34.24,34.82,35.92
34.27,30.97,30.46,30.69,32.4,33.49,37.41,40.24,38.99,36.73,33.91,34.3,33.28,33.47,34.07,37.26,43.36,62.69,63.42,48.13,39.16,34.75,34.65,30.11
28.84,27.12,27.75,29.03,38.19,48.9,63.25,56.94,51.76,51.5,50.24,48.96,48.57,48.79,48.38,46.84,54.32,72.71,62.37,48.53,47.77,41.36,37.32,37.21
33.55,31.08,32.39,34.4,42.47,52.26,60.27,57.19,53.52,55.84,53.74,54.06,54.55,56.4,53.76,54.52,61.08,78.02,66.87,55.04,50.67,43.29,40.14,37.64
33.06,30.99,30.71,31.61,36.86,54.87,61.11,59.31,55.96,57.66,55.24,55.9,53.87,49.39,49.48,48.91,57.25,78.05,69.63,57.24,52.99,44.24,40.17,34.9
33.02,31.29,31.91,33.72,38.19,53.59,68.08,57.06,45.08,45.97,44.25,42.56,44.2,43.25,44.45,45.29,52.53,67.99,61.95,50.65,45.6,42.82,40.65,38.76
36.99,35.08,35.38,37.26,42.66,62.44,77.69,63.04,53.47,55.33,50.5,50.54,49.22,46.18,44.25,45.28,54.39,68.64,60.44,48.63,45.37,43.21,41.01,42.03
42.76,39.38,39.4,39.8,40.5,48.53,57.64,56.46,46.81,42.73,40.15,37.89,36.53,35.82,34.14,35.25,43.55,53.98,50.15,43.16,41.04,38.13,37.2,40.09
40.05,36.91,37.31,39.36,40.82,43.12,48.09,51.05,43.38,42.61,44.87,42.73,41.94,42.68,37.67,40.33,53.24,70.06,62.59,52.59,48.22,42.65,42.46,37.04
36.13,35.25,35.89,38.03,41.04,63.66,75.95,70.27,64.95,66.52,68.26,64,63.17,59.33,54.59,54.48,63.96,74.81,64.25,59.18,56.76,48.6,39.94,34.44
31.47,30.06,29.46,30.7,34.07,43.04,55.98,54.64,52.28,54.64,49.22,52.32,50.42,45.71,45.14,48.42,53.65,65.8,54.24,43.29,39.44,37.85,34.45,33.46
31.76,30.06,29.97,31.05,29.55,44.36,57.06,48.03,35.52,34.9,33.28,32.84,35.73,32.89,33.65,37.08,48.07,59.91,49.6,37.24,31.76,30.87,30.11,29.15
25.27,24.28,24.45,27.95,26.17,42.19,48.93,38.31,35.48,34.73,33.31,31.64,31.24,31.15,31.23,30.21,36.73,42.61,34.92,30.21,30.68,31.02,30.15,25.62
24.03,22.88,23.24,24.72,29.4,39.86,42.88,39.51,36.74,34.54,30.02,28.27,27.95,29.12,30.63,30.39,36.61,37.19,31.12,25.61,24.56,25.73,25.95,18.38
15.48,15.21,14.43,14.4,15.41,18.92,19.8,21.16,21.61,17.49,16.32,15.79,15.37,15.37,15.48,20.95,23.52,26.17,20.08,15.93,15.77,14.3,15.46,12.61
10.83,10.6,8.41,7.88,8.61,9.51,10.04,11.95,13.7,16.53,21.88,21.27,21.79,22.49,23.13,26.38,33.36,47.91,33.61,31.79,24.75,21.31,21.25,18.58
14.73,12.35,10.73,10.13,11.72,17.17,24.91,23.8,24.37,29.08,28.36,25.83,22.63,22.35,22.19,22.66,22.98,55.52,24.54,22.93,21.74,16.42,15.67,14.34
20.57,19.19,17.6,16.46,18.67,23.83,34.17,28.87,27.42,23.74,29.11,31.4,31.4,31.87,31.37,32.04,40.61,60.63,46.1,35.22,33.87,29.26,28.67,29.36
31.97,29.66,29.99,30.35,31.02,32.91,48.24,38.16,32.48,33.18,37.27,30.8,32.42,30.22,30.79,34.44,42.91,65.59,43.59,35.55,32.51,30.16,32.51,30.72
24.61,23.58,22.55,23.06,24.93,26.41,36.26,35.62,32.15,30.78,30.1,30.19,32.38,31.44,28.47,29.39,34.68,52.28,37.94,32.18,28.73,27.78,25.66,22.86
24.77,23.4,22.16,22.07,23.4,25.71,33.87,35.8,40.05,44.77,46.09,45.17,45.53,45.3,43.46,41.07,44.7,53.71,44.68,39.57,37.73,37.61,35.63,33.73
33.41,31.07,26.8,25.49,26.65,29.25,29.04,31.13,30.67,29.99,32.28,32.24,31.04,29.08,29.38,30.45,35.89,47.62,40.84,35.4,32.58,28.57,29.81,28.47
28.18,26.97,26.7,26.45,27.09,27.09,28.63,31.31,34.22,31.93,35.72,35.95,32.5,30.97,30.09,30.35,46.78,74.81,59.98,52.32,47.66,39.04,39.74,38.83
32.23,29.46,29.5,28.17,31.78,41.1,68.54,89.15,54.48,38.33,39.03,37.76,35.4,35.62,35.82,37.27,57.3,95.77,66.39,53.22,48.29,40.69,35.49,35.63
42.38,38.7,35.67,35.33,37.36,41.27,59.34,64.42,62.19,61.29,68.07,66.97,62.7,64.48,62.38,65.12,72.86,100.54,76,66.85,61.66,57.65,54.67,49.99
49.48,46.42,43.43,43.34,45.8,47.5,60.68,63.21,60.6,57.3,57.51,54.22,52.81,50.67,49.1,51.97,59.11,77.74,56.44,52.96,52.13,53.03,49.52,48.93
51.4,48.9,46.92,46.89,48,52.99,69.53,71.12,56.8,54.32,55.75,54.74,52.06,51.91,51.96,54.67,67.06,90.6,68.75,64.57,61.99,60.14,58.63,56.52
54.36,52.65,49.87,50.67,53.48,57.14,69.89,73.06,54.29,57.59,60.21,56.63,55.66,55.11,54.18,60.31,70.72,103.83,74.86,69.51,64.97,61.08,59.1,59.81
59.35,56.47,52.99,54.73,57.15,57.96,72.02,78.17,67.96,56.28,57.26,55.16,52.99,50.71,51.81,56.98,63.39,76.87,68.58,65.09,62.26,62.06,61.92,59.78
55.75,53.99,53.62,54.47,54.75,55.52,58.9,60.95,60.48,59.38,58.93,57.87,56.37,56.25,56.39,58.73,70.79,91.43,86.65,75.19,72.41,64.64,66.33,63.41
66,65.63,63.43,65.6,70.79,80.46,101.73,111.55,73.34,65.92,64.09,62.69,58.85,58.29,57.18,63.81,72.56,90.98,97.97,83.63,79.69,73.05,73.1,65.6
65.99,66.72,62.33,62.55,66.57,74.43,98.3,97.07,73.05,64.73,59.35,56.63,53.41,52.22,52.92,54.43,61.12,76.18,69.05,63.53,59.01,55.31,51.2,51.5
48.77,47.96,47.94,48.91,52.31,56.04,65.92,77.08,58.91,54.96,48.62,48.61,46.18,45.7,45.79,48.99,55.98,68.06,62.73,57.25,55.13,51.3,50.82,52.02
52.31,50.6,48.33,48.9,49.22,50.58,49.2,53.19,49.66,47.37,46.24,45.33,43.37,41.32,41.65,42.9,44.96,52.25,50.34,48.46,45.43,45.32,44.15,44.55
43.07,41.35,40.56,40.47,42.1,44.03,46.06,47.13,52.74,52.45,54.96,52.25,49.8,46.02,45.32,45.93,48.54,57.88,52.23,49.41,47.6,46.93,48.43,47.38
47.03,46.55,44.86,45.75,45.64,49.23,50.45,53.54,52.01,47.38,45.88,43.61,42.61,40.94,40.84,42.91,47.61,56.03,52.9,48.94,47.01,45.89,46.32,45.08
46.11,45.67,43.26,43.33,43.02,43.9,41.92,41.91,45.22,45.55,47.37,45.92,47.39,44.08,43.73,43.93,47.41,58.94,52.56,48.08,47,44.19,44.41,43.7
42.79,41.69,41,41.51,42.33,45.34,51.69,57.02,50.07,51.46,51.86,53,54.05,53.41,53.62,54,59.69,76.49,60.71,57.41,53.62,51.37,49.32,48.46
45.8,44.97,43.87,44.5,47.23,51.45,62.27,67.5,50.72,46.46,44.49,42.78,43.96,42.02,42.06,44,55.35,72.91,55.95,51.48,47.31,46.48,43.45,41.81
28.84,27.12,27.75,29.03,38.19,48.9,63.25,56.94,51.76,51.5,50.24,48.96,48.57,48.79,48.38,46.84,54.32,72.71,62.37,48.53,47.77,41.36,37.32,37.21
