X25,X26,X27,X28,X29,X30,X31,X32,X33,X34,X35,X36,X37,X38,X39,X40,X41,X42,X43,X44,X45,X46,X47,X48
45.63,38.67,36.64,39.41,50.09,40.1,43.54,50.38,45.32,47.04,44.68,49.07,42.82,44.17,45.94,42.09,59.44,52.13,49.33,41.47,36.84,33.24,31.02,28.71
28.97,28.43,28.23,28.04,28.25,28.7,28.41,34.07,30.52,31.49,31.02,31.14,33.03,30.24,34.82,30.63,69.06,40.97,39.78,31.64,38.81,42.96,30.63,28.33
30,29.92,27.43,27.2,29.04,32.73,42.5,35.02,34.58,33.27,40.64,40.66,34.18,35.65,39.57,39.78,45.82,50.51,44.33,39.52,39.81,36.05,35.4,32.09
36.12,37.83,35.44,37.76,40.94,55.5,35.17,47.24,46.68,34.19,31.04,27.9,31.62,29.54,30.83,31.83,71.51,52.31,33.91,29.31,29.62,34.79,43.25,39.09
31.19,28.3,31.95,31.65,28.13,27.22,29.13,29.27,31.47,26.32,27.15,27.22,28.38,32.13,29.98,29.77,31.51,36.6,34.33,30.79,28.21,27.13,26.57,25.47
23.81,24,3.57,12.81,21.67,23.12,36.57,28.88,32.71,32.34,35.35,33.43,31,32.53,30.63,29.59,36.14,68.09,31.96,28.43,28.36,26.48,27.79,27.95
19.34,14.15,18.64,15.23,25.56,31.96,40.16,48.68,59.87,39.2,66.64,36.02,41.86,41.87,35.28,90.54,74.37,173.97,88.55,64.65,41.68,78.32,43.15,33.99
35.29,34.66,34.03,29.85,29.51,30.89,65.69,65.66,27.42,433.49,51.97,39.31,37.5,37.76,37.04,40.42,39.47,103.98,43.86,38.89,45.62,45.09,47.6,48.24
52.34,36.27,36.02,37.04,39.68,40.91,107.41,52.89,46.25,41.05,34.8,34.01,54.03,40.45,42.57,36.88,35.95,44.5,44.48,40.36,36.05,41.18,29.69,34.36
43.08,34.91,28.53,27.77,31.48,27.75,30.39,46.62,70.31,56.18,54.94,38.63,36.37,33.55,25.36,22.62,32.4,55.14,32.01,28.14,26.87,27.22,26.65,23.49
21.59,20.9,19.86,19.64,16.12,18,20.87,22.8,28.7,35.33,33.85,30.36,28.37,25.21,25.55,22.94,24,26.05,18.98,17.37,18.94,19.38,18.98,20.28
23.74,21.04,20.56,20.74,21.3,20.35,19.91,26.61,20.44,17.06,16.55,16.98,16.4,16.92,17.16,16.97,18.34,27.15,40.87,28.76,25.74,48.92,29.75,25.69
25.6,23.89,26.39,22.08,14.27,9.41,38.91,40.39,43.88,31.67,44.53,32.79,30.45,29.62,27.63,31.09,40.19,54.01,52.56,32.32,26.7,32.79,23.76,42.56
29.08,22.82,22.78,30.08,31.37,28.13,41.79,30.15,35.61,29.33,28.67,27.56,27.27,25.69,27.13,28.94,27.82,33.39,31.7,34.63,38.93,32.12,26.66,25.21
26.31,29.06,27.14,27.22,31.75,26.09,28.04,28.5,27.85,27.74,29.38,28.84,28.64,28.3,26.3,27.53,31.8,34.71,32.21,34.43,33.81,29.07,24.06,20.96
23.02,17.66,17.5,15.83,17.05,21.11,25.59,29.78,33.58,24.75,25.86,25.88,27.66,25.31,25.65,26.47,43.57,66.89,41.76,38.94,81.07,30.51,25.1,25.69
37.43,36.43,29.84,36.74,27.19,34.8,29.23,62.99,44.86,67.99,37.93,25.79,47.01,28.27,36.39,25.92,53.68,43.71,44.47,53.34,44.15,38.62,68.98,58.19
62.7,25.76,24.99,25.65,26.46,28.62,26.33,31,32.32,52.76,44.52,40.62,38.39,37.3,36.03,34.87,33.62,35.7,140.03,34.78,98.56,263.18,39.13,28.05
83.95,27.28,26.82,26.55,27.47,26.63,26.47,27.25,31.63,38.11,37.31,37.26,38.22,39.05,35.01,34.46,35.97,47.55,46.64,39.07,87.67,46.03,49.62,37.39
37.83,48.46,39.37,36.24,37.46,36.24,39.86,89.35,40.47,33.28,45.37,42.39,39.82,35.65,36.12,33.92,38.91,61.97,51.58,47.83,53.91,61.85,63.22,52.87
97.73,61.88,46.38,47.11,40.34,40.66,50.25,61.72,81.18,51.72,44.31,45.5,39.5,40.31,38.58,37.64,34.55,37.67,39.19,35.96,34.93,32.84,33.08,28.48
32.65,27.84,27.95,30.23,29.75,26.6,26.72,28.23,35.13,26.58,36.46,29.81,29.82,29.34,27.82,28.88,29.44,35.16,33.93,32.76,32.04,30.45,31.32,29.56
35.67,34.47,34.75,35.21,34.53,32.08,33.58,34.13,37.03,34.27,33.56,31.51,31.92,31.97,29.61,29.57,32.7,39.19,36.08,35.35,32.54,30.81,29.45,28.12
31.26,27.49,26.22,27.04,26.13,25.94,25.34,27.11,29.64,26.67,21.67,22.22,23.07,23.29,24.65,23.11,23.02,24.55,23.09,22.35,20.4,20.56,20.92,18.5
20.17,20.23,20.1,18.93,21.3,19.65,19.59,20.9,21.13,21.89,24.39,28.33,24.49,22.8,20.77,20.48,22.14,22.98,23.15,22.95,23.25,22.18,22.12,20.28
25.48,19.79,23.39,25.36,21.51,20.64,19.58,22.9,21.21,19.68,21.6,22.53,22.54,21.14,21.6,21.04,23.52,28.85,27.5,39.96,26.79,25.92,23.85,20.88
21.14,21.58,21.85,20.19,21.38,21.9,22.47,23.43,26.28,37.1,36.69,33.8,36.1,33.66,32.37,29.96,32.87,36.28,29.36,27.91,27.73,36.69,29.4,30.52
30.38,25.01,25.62,27.31,26.75,23.78,28.06,29.3,30.02,31.31,39.07,34.47,47.95,31.2,30.07,32.06,52.09,48.87,51.97,37.94,35.05,34.01,29.54,22.56
27.3,23.58,22.33,23.02,23.53,23.96,24.23,26.41,25.18,22.95,24.75,24.87,23.94,22.91,22.53,21.34,21.14,29.67,25.77,32.67,20.57,20.62,21.26,21.8
26.42,27.14,24.49,23.16,24.23,20.69,21.75,23.28,30.24,30.33,33,37.32,29.55,32.09,29.19,22.85,29.25,28.57,28.59,23.83,25.27,30.53,26.4,23.66
24.94,22.56,20.61,20.76,22.41,18.67,18.15,19.87,21.07,25.68,30.52,27.55,27.37,25.21,23.97,25.47,28.42,27.63,24.02,23.47,21.98,20.92,21.06,20.54
18.98,18.15,18.35,18.02,18,17.24,17.18,16.39,17.27,17.5,23.05,24.73,24.73,24,23.68,23.09,24.34,25.93,23.84,20.31,20.91,29.42,22.11,45.19
44.97,20.32,20.22,19.77,21.73,18.61,20.18,20.51,23.3,21.49,25.63,35.06,54.08,34.57,28.06,28.81,33.9,50.2,34.45,37.28,31.72,29.32,29.12,27.25
25.42,24.87,23.85,23.96,25.26,26.61,26.85,31.43,38.1,46.16,48.15,59.15,66.51,41.55,39.05,43.86,45.86,86.44,67.72,62.41,73.49,71.51,50.74,45.37
48.14,57.39,57.16,59.42,69.54,67.69,69.96,67.35,73.86,46.01,66,61.65,61.61,56.58,56.13,49.06,48.91,54.9,65.9,55,51.77,78.47,50.66,76.32
102.17,51.84,63.79,56.23,50.91,50.12,52.82,94.51,93.44,93.18,48.31,40.99,49.75,53.62,40.97,43.48,41.98,103.7,62.86,52.07,40.3,37.98,36.89,34.87
33.98,33.97,33.66,33.68,35.45,33.99,44.96,62.9,51.21,43.56,80.54,75.09,74.17,78.82,47.54,52.24,48.87,56.49,272.9,120.81,66.75,51.67,46.43,95.85
104.08,46.31,45.52,48.62,47.33,48.58,53,66.48,56.6,52.69,113.82,135.86,169.4,136.96,53.3,128.92,112.26,266.78,265.48,176.26,122.31,90.42,69.68,64.53
98.29,110.45,74.83,69.56,57.72,79.93,180.37,76.23,186.11,162.67,145.4,136.19,44.04,44.56,42.6,43.61,48.45,86.49,50.18,52.45,49.57,46.77,45.5,40.15
48.89,50.16,46.85,39.13,38.62,34.02,33.93,32.73,30.85,34.95,40.46,46.82,44.46,44.1,42.65,42.41,46.38,65.38,52.74,49.21,41.98,42.21,37.31,31.69
32.15,32.66,33.23,33.7,37.99,48.68,64.01,51.52,51.08,50.3,53.88,82.75,117.3,41.55,91.48,160.65,281.54,232.28,80.98,70.96,58.53,59.36,53.65,46.53
49.13,66.39,62.2,61.9,54.96,59.39,66.35,77.68,80.33,91.19,372.56,356.21,367.75,165.34,77.19,351.91,1060.41,1084.06,195.21,155.06,193.49,236.98,696.23,349.77
159.94,78.2,73.74,83.63,69.85,58.9,105.82,88.51,110.29,66.12,125.09,47.94,70.95,89.48,228.98,358.05,92.83,74.96,72.45,45.28,43.22,49.07,38.39,49.32
119.52,49.12,49.82,44.09,46.62,46.1,648.42,90.95,54.35,48.84,48.1,48.63,46.05,45.45,46.58,43.29,46.48,65.55,46.7,46.64,44.1,41.62,41.78,43.92
39.76,37.35,35.18,36.74,38.75,39.02,51.4,49.26,47.85,47.5,83.53,53.05,48.44,47.55,48.25,43.19,48.5,64.08,52.92,52.95,48.95,59.27,47.52,44.24
49.54,45.24,46.58,49.29,47.54,52.29,54.48,74.91,65.24,95.12,223.99,78.56,215.72,464.63,66.27,76.56,173.1,382.61,173.98,208.42,372.73,247.96,389.29,346.16
472.68,188.62,144.48,158.44,110.79,113.76,173.38,980.91,317.22,316.93,306.19,212.29,371.57,219.26,192.74,224.93,679.39,275.83,111.27,94.24,119.21,387.79,137.31,78.45
71.55,49.7,259.46,109.53,55.71,189.68,50.44,77.42,274.55,145.97,60.72,371.62,534.72,100.39,63.66,59.71,89.81,74.99,69.77,55.94,53.42,65.24,49.9,81.32
76.75,48.11,50.18,71.82,51.61,54.64,57.5,67.56,58.25,63.11,63.97,61.93,52.77,57.56,58.01,46.36,57.01,74.09,65.38,60.16,53.35,60.72,48.34,86.59
88.58,47.2,51.99,53.3,52.35,56.24,64.6,113.65,69.19,46.86,37.37,38.61,35.55,34.9,36.35,40.78,42.12,49.91,45.2,41.41,38.93,40.73,36.52,36.09
38.7,35.08,35.08,34.55,39.2,37.75,45.24,47.08,56.95,55.15,93.61,67.46,66.46,65.21,64.7,65.26,58.25,76.87,77.11,74.7,75.21,69.96,72.86,66.71
59.22,62.85,72.5,71.67,78.92,90.87,96.49,134.81,103.48,99.87,166.33,115.47,125.7,90.26,90.46,138.36,88.9,100.47,66.23,79.59,86.76,109.35,106.64,150.18
114.57,121.69,143.96,110.75,211.84,173.33,112.91,116.28,153.74,77.28,63.39,59.45,42.99,43.13,39.89,40.4,57.95,106,153.39,293.53,109.1,130.12,81.46,77.81
161.04,74.18,80.76,72.11,100.36,98.59,76.19,58.85,50.93,42.03,42.95,57.33,89.13,66.43,48.81,59.59,63.62,70.58,240.66,207.59,120.8,116.97,48.43,72.22
66.45,38.2,45.17,45.04,46.57,50.45,93.55,77.61,52.75,36.85,47.07,46.61,47.69,64.22,68.12,52.41,52.23,163.11,65.83,63.51,55.08,41.37,42.39,75.48
75.02,41.47,41,41.83,42.5,47.07,75.02,327.75,89.18,67.33,49.39,53.68,45.19,37.1,39.53,33.69,42.52,49.96,61.01,53.57,49.89,44.93,44.16,43.21
39.91,43.12,42.77,43.88,44.83,49.25,55.1,53.8,55.17,45.54,69.55,56.87,46.8,45.25,43.06,62.41,68.36,85.93,85.32,78.68,68.54,67.09,92.78,152.24
126.25,67.98,62.99,62.27,64.61,138.77,212.22,97.35,69.77,49.41,64.59,57.27,52.56,51.37,56.32,58.53,62.47,238.78,96.35,63.01,120.16,329.34,99.07,56.55
56.01,55.11,52.3,51.22,65.23,52.37,202.58,346.59,86.5,88.63,76.13,68,68.38,68.81,62.29,60.95,68.34,73.61,67.72,61.67,61.82,63.61,73.69,72.1
55.55,56.24,60.34,63.48,61.7,58.55,61.71,65.27,97.21,89.52,104.7,126.58,720.14,191.12,186.4,163,226.32,156.19,113.57,126.63,138.37,191.57,294.54,169.9
265.83,423.37,78.11,96.8,72.77,111.44,96.07,143.63,90.98,123.07,109.54,142.67,85.84,83.6,77.58,93.12,139.78,142.87,362.55,502.88,175.63,187.9,111.63,101.99
86.81,86.37,94.98,87.26,121.83,96.36,594.97,263.49,158.11,128.29,91.81,91.82,71.89,57.46,49.93,58.28,76.18,312.16,305.56,103.13,96.24,210.84,734.93,602.07
156.38,60.44,68.99,62.02,69.82,73.97,98.09,99.86,70.81,56.76,39.29,42.48,43.52,40.71,40.89,40.75,44.82,55.24,53.16,52.71,50.83,46.44,45.21,43.08
46.14,48.77,46.95,46.7,48.11,58.68,124.78,71.69,61.64,68.81,49.62,43.96,45.32,44.88,43.35,45.05,52.6,52.42,46.33,45.02,43.48,43.08,42.34,40.42
39.37,39.92,38.3,36.88,36.99,37.96,43.89,44.26,43.47,44.87,52.33,56.4,53.67,52.37,50.91,48.14,49.78,51.77,49.95,50.31,47.25,46.72,44.44,42.99
42.33,42.23,41.56,41.1,41.1,41.73,43,45.22,47.12,59.58,57.22,52.19,54.15,51.87,50.89,50.27,51.76,54.25,54.7,51.34,46.71,49.33,44.36,42.71
43.31,43.81,44.86,43.86,44.05,46.14,48.13,50.77,51.44,49.73,70.1,58.35,51.2,52.59,48.74,50.4,57.19,72.53,72.8,67.74,66.58,66.88,62.6,52.67
74.64,69.63,71.04,67.99,75.03,83.76,122.32,169.75,115.39,55.48,51.4,64.31,62.08,220.21,128.35,92.12,72.58,91.44,89.4,72.18,64.7,54.45,84.97,50.99
46.95,52.63,50.13,48.12,54.81,52.09,61.7,68.92,67.14,68.43,65.08,66.71,66.85,68.88,64.56,64.64,23.44,-10.52,-211.4,-167.9,66.02,62.74,46.5,54.51
52.95,49.29,53.36,51.46,58.34,50.12,65.62,80.12,60.85,50.1,36.81,37.4,37.27,36.38,35.21,35.24,34.73,39.74,45.15,42.4,40.67,40.94,36.23,37.59
40.89,40.8,39.03,38.8,40.49,43.23,52.38,57.02,40.97,35.67,31.11,30.29,29.8,28.79,27.95,27.62,30.1,33.52,36.99,35.4,33.53,31.75,30.94,29.68
29.44,28.81,28.79,28.4,29.11,32,35.15,40.38,32.6,31.23,28.66,29.77,29.03,28.5,27.9,26.66,27.14,28.95,33.21,32.95,29.42,28.43,29.44,20.65
21.61,32.81,30.9,31.32,31.68,35.47,62.71,48.69,37.32,30.18,30.31,28.59,28.75,28.29,26.99,26.39,27.61,32.9,34.46,29.7,29.73,29.93,26.48,26.78
25.31,26.17,25.39,25.6,26.69,29.75,31.22,31.56,31.72,31.25,37.82,35.65,33.73,31.07,35.26,35.37,37.39,40.97,43.66,43.55,44,42.61,37.42,33.14
33.85,36.81,35.43,35.19,32.19,29.47,36.13,38.36,41.64,42.89,46.35,48.91,47.4,45.61,44.72,45.93,45.37,52.19,52.74,49.73,49.26,53.65,118.09,55.63
49.45,46.27,44.55,45.54,47.72,54.72,65.74,119.12,55.83,52.44,80.19,57.23,54.56,46.9,44.59,47.82,54.91,111.36,92.49,74.65,78.01,61.28,58.33,74.3
69.29,105.36,146.57,79.5,83.86,74.37,170.9,151.14,75.07,50.25,45.95,42.71,41.7,40.62,36.47,34.92,34.92,42.94,51.9,47.31,46.84,45.82,41.23,42.24
45.85,45.19,43.93,44.78,44.09,45.57,54.09,88.28,55.28,34.01,29.26,30.29,29.69,29.57,30.26,30.1,29.51,47.59,64.8,35.34,31.76,30.51,30.5,29.03
29.11,28.64,28.42,28,27.35,29.2,44.27,42.76,35.51,36.12,43.01,36.74,44.67,32.67,38.7,43.79,44.35,64.04,52.31,41.66,41.65,41.98,55.25,39.79
41.83,43.41,56.2,34.65,33.47,35.91,32.93,31,38.1,37.72,43.45,40.6,35.44,33.87,33.8,32.61,32.56,36.39,45.55,47.91,43.21,52.34,45.04,41.02
40.07,42.82,45.45,43.3,42.81,45.46,36.71,38.85,34.4,38.05,51.82,57.15,47.31,32.01,37.21,36.33,36.97,55.86,58.97,68.46,63.07,46.78,61.57,44.56
43.39,45.42,44.33,43.4,44.89,41.95,44.34,42.92,36.27,36.61,35.79,31.95,31.4,30.54,29.68,29.25,30.01,33.69,41.05,43.57,37.09,38.47,36.71,33.77
38.95,39.8,35.41,33.83,37.13,37.26,38.41,36.43,33.72,32.14,33.58,35.02,30.76,30.02,29.29,30.15,29.56,30.04,32.55,31.83,31.12,30.96,30.44,29.23
28.06,28.21,28.88,28.94,28.18,29.6,40.27,35.24,43.66,37.63,42.81,67.5,45.74,42.34,39.27,36.31,38.67,40.83,49.24,43.28,36.34,34.53,34.04,31.02
29,26.91,25.9,23.71,27.63,26.65,29.41,37.18,33.51,32.69,34.4,38.14,48.59,35.65,33.01,22.94,22.3,45.14,47.68,34.88,32.52,29.43,31.24,29.01
28.95,31.93,30.74,29.13,30.67,22.21,30.26,20.08,34.62,45.68,57.41,52.08,45.92,48.02,36.45,45.75,36.6,33.87,46.76,51.26,40.19,49.71,24.12,25.5
37.58,43.7,42.7,38.93,39.33,46.1,36.45,62.51,99.6,70.45,76.83,62.67,53.15,43.58,39.08,40.49,49.22,46.7,56.12,49.19,45.29,41.84,43.98,45.52
42.08,41.51,40.93,40.08,40.32,41.1,45.81,44.98,44.9,42.45,60.05,41.63,40.06,39.05,37.18,38.78,39.17,40.34,44.31,42.1,40.55,40.82,41.15,38.05
38.37,37.14,37.74,37.08,37.94,37.88,40.31,40.42,38.26,34.15,37.3,35.48,33.26,28.9,30.79,31.56,32.14,35.51,41.1,40.75,40.16,40.14,38.52,36.11
35.05,35.12,34.54,35.33,38.13,37.75,41.21,40.12,34.34,32.38,26.85,21.42,22,14.52,30.56,28.51,15.27,35.63,43.08,39.48,37.57,41.24,38.94,39
37.53,38.79,36.89,37.65,44.78,42.4,51.52,56.29,46.95,34.13,41.39,37.54,37.86,38.07,34.45,35.16,34.73,58.26,46.69,41.3,41.72,37.69,33.92,33.21
30.8,29.91,29.97,29.14,30.19,35.49,35.01,42.28,30.53,32.45,37.75,34.02,37.3,34.45,35.41,35.41,35.25,168.44,89.41,48.42,36.89,34.29,31.21,30.11
30.84,30.51,30.83,31.42,30.01,35.08,68.06,43.89,38.48,36.87,37.95,36.11,48.12,124.12,59.99,55.82,60.82,55.46,126.09,53.08,50.11,53.35,42.5,36.23
34.71,36.92,36.82,38.6,36.64,41.63,48.04,46.16,39.99,39.51,39.55,37.62,35.03,34.39,33.95,32.52,33.57,39.54,54.96,42.65,41.25,38.17,35.64,35.05
43.6,40.84,43.41,37.04,39.17,47.15,42.39,41.81,37.11,37.51,41.93,34.3,32.4,31.57,31.04,31.2,32.88,38.2,41.48,41.17,37.8,34.01,31.64,33.3
34,30.42,27.16,26.84,27.04,27.67,28.56,31.46,32.59,32.5,33.59,34.47,34.31,31.6,32.57,34.29,37.3,32.65,53.78,42.54,44.68,35.46,29.5,30.78
29.12,29.12,28.91,29.47,30.31,33.26,39.52,53.8,35.03,41.41,36.59,36.1,47.73,40.96,40.78,40.32,42.52,45.01,74.31,56.23,44.12,40.8,38.58,35.93
39.07,35.11,33.75,35.84,37.23,27.2,28.26,32.8,36.32,35.46,35.86,31.89,30.61,31.08,31.36,31.68,38.77,63.67,74,73.73,44.52,59.07,48.84,38.75
36.75,35.22,37.83,36.21,35.95,27.81,29.98,34.96,57.35,45.96,49.57,43.68,45.06,44.16,38.2,40.39,36.46,32.88,38.88,32.98,33.84,34.36,31.48,33.9
36.95,31.25,34.33,31.49,34.21,33.92,35.39,37.73,34.93,35.07,32.31,29.93,28.82,28.64,30.13,30.45,28.01,31.32,41.81,36.8,33.06,33.78,40.32,32.23
34.66,35.86,42.37,44.66,31.88,32.61,36.63,33.87,31.81,30.8,29.8,29.93,30.31,30.6,29.79,28.63,30.17,34.1,38.04,37.73,38.23,38.94,41.32,33.41
32.58,34.1,34.08,33.35,32.6,33.74,35.29,50.39,38.13,48.11,141.84,61.28,77.14,66.75,59.43,58.09,52.01,51.6,78.32,110.52,63.91,59.21,86.06,80.78
65.31,44.72,43.37,39,36,39.35,44.55,42.24,44.01,50.71,44.39,43.36,41.18,39.42,37.03,41.13,39.48,44.17,63.66,94.61,84.25,44.79,39.09,41.61
40.63,42.43,39.07,44.87,46.62,82.29,87.58,52.42,48.18,43.81,37.75,36.49,34.7,32.8,31.89,30.53,24.95,35.49,43.74,45.33,38.4,36.45,33.63,32.59
32.61,32.34,31.8,32.25,35.96,41.02,56.34,44.87,41.82,34.02,33.46,30.5,28.9,28.59,27.65,28.35,30.63,37.74,45.62,44.35,35.72,30.57,29.04,29.45
28.71,27.71,27.1,27.51,26.02,29.91,33.54,43.73,35.82,39.85,29.75,31.42,30.66,29.47,28.06,27.51,33.45,32.81,46.15,48.71,31.64,26.77,27.37,27.06
26.13,25.68,25.67,26.82,26.74,29.03,34.99,38.36,42.45,43.29,47.46,41.53,43.33,41.56,37.19,33.96,35.22,38.86,37.35,36.21,30.77,32.85,29.21,31.02
30.27,29.3,29.96,30.23,34.66,38,38.07,40.16,40.56,33.28,30.44,32.08,32.86,31.31,29.8,33.44,40.92,35.52,41.24,34.88,28.46,31.22,30.58,26.31
26.53,19.5,21.81,22.38,11.24,24.91,1.33,24.81,25.29,26.5,25.91,25.34,25.21,25.04,25.4,25.26,27.01,28.45,30.02,36.21,26.83,25.65,26.25,26.88
25.41,25.38,24.31,24.36,24.01,23.5,24.06,25.72,25.95,28.49,34.01,31.67,33.14,33.64,28.79,27.09,28.56,30.77,122.84,46.41,36.54,40.28,35.07,30.57
25.56,23.31,25.53,23.61,26.91,92.93,51.01,37.53,30.1,29.28,28.87,26.5,25.8,24.77,23.29,24.84,30.23,37.41,62.19,48.74,63.71,35.42,45.5,29.7
32.69,30.4,29.91,30.28,26.89,34.55,32.3,31.08,31.15,28.7,30.38,30.45,29.94,29.31,32.15,32.09,33.22,33.05,42,53.62,45.36,40.92,35.01,29.22
29.65,28.61,28.49,28.67,29.95,34.21,41.83,31.49,32.72,34.89,33.44,30.61,32.19,37.36,32.72,36,33.25,31.7,33.4,38.91,36.73,31.62,31.63,29.76
29.61,28.95,28.54,29.61,30.11,31.68,54.9,59.13,47.25,51.2,48.41,43.09,42.24,38.29,38.02,40.89,40.72,39.52,40.94,49.08,41.89,40.49,39.14,53.04
37.79,35.36,46,43.86,35.13,61.98,82.83,58.62,57.27,36.08,33.34,39.73,47.53,53.16,41.45,35.42,32.9,36.93,43.67,47.72,44.5,53.95,40.97,52.45
34.57,31.78,31.89,33.43,32.87,44.07,50.67,38.13,37.68,39.95,41.49,36.9,36.7,35.76,34.18,33.92,33.65,35.42,37.13,37.16,35.63,36.31,38.81,37.61
35.89,36.06,35.83,35.77,35.19,34.07,30.14,30.03,31.55,36.76,39.65,38.19,37.53,37.19,37.26,35.5,36.73,38.06,42.29,50.92,46.09,46.97,47.16,49.33
44.05,42.67,46.83,42.05,45.97,89.76,75.71,40.16,45.75,51.22,54.81,59.98,54.14,47.99,50.07,38.23,45.33,56.41,64.25,75.05,61.52,61.86,55.17,52.57
68.8,73.3,73.38,72.28,65.44,85.37,228.33,56.37,53.44,54.89,53.86,42.07,45.84,44.75,43.14,44.53,39.93,47.33,56.7,67.38,69.42,59.39,43.47,42.79
42.41,42.48,43.51,43.88,43.18,93.84,81,53.66,48.85,50.47,46.7,61.81,49.9,45.56,44.16,40.01,45.5,46.08,77.06,60.77,44.85,38.38,35.06,33.75
34.93,33.31,33.51,33.31,33.84,36.7,49.36,47.13,72.04,52.57,50.9,58.11,60.89,56.17,47.24,47.02,43.01,36.56,38.6,37.77,39.24,38.5,42.43,46.71
48.87,38.35,39.89,39.85,46.11,35.43,60.72,75.42,48.25,55.31,35.29,36.68,44.53,53.52,40.45,39.05,35.81,37.9,49.37,82.81,42.26,64.12,53.22,60.7
89.69,65.97,64.46,70.96,55.14,63.37,68,50.13,44.21,40.4,40.36,36.67,35.94,35.18,31.73,30.83,36.87,39.77,50.22,74.62,46.58,45.61,51.56,47.58
40.8,38.43,39.67,47.9,42.03,42.52,49.06,45.18,50.85,47.9,54.46,45.27,41.16,42.25,45.28,57.85,54.55,80.13,81.13,79.59,74.13,75.8,47.17,51.79
63.75,49.97,58.13,55.11,54.23,73.53,80.44,73.46,48.89,48.46,44.88,53.29,56.1,62.37,67.09,67.6,73.18,60.89,94.94,84.98,70.29,85.53,97.99,67.75
49.01,52.38,37.41,42.43,48.84,58.21,73.56,147.24,72.76,67.74,82,54.71,50.03,51.02,46.04,48.83,53.41,48.79,50.74,41,37.68,41.98,45.4,44.9
42.32,42.53,41.2,49,37.76,63.24,66.39,62.74,63.62,61.6,90.45,77.61,78.03,61.84,51.39,54.19,54.59,57.28,54.48,46.21,49.42,46.45,40.74,38.29
37.92,37.72,38.04,38.99,31.55,23.5,44.66,49.3,60.15,66.31,66.98,71.18,68.17,64.75,65.26,61.27,60.99,51.54,49.4,42.11,48.19,47.28,53.68,47.59
52.78,39.5,37.74,39.33,3.37,44.82,45.94,41.08,38.02,39.32,38.66,33.24,37.81,37.49,41.58,37.45,38.91,39.38,48.04,62.05,53.16,66.8,56.22,58.47
67.47,58,63.28,67.8,57.83,66.46,58.83,62.91,71.95,69.1,63.46,53.62,58.93,76.19,69.16,74.69,82.83,69.56,75.1,91.79,126.9,116.06,99.68,52.42
53.77,55.89,59.62,58.15,64.89,64.04,58.17,47.94,43.69,49.09,48.81,59.04,47.79,44.73,43.96,43.7,45.2,53.93,98.71,64.17,77.7,51.01,55.49,43.9
43.2,43.56,46.77,60.96,90.2,105.65,130.66,64.34,68.8,78.83,55.28,61.82,66.24,52.54,57.39,63.44,94.48,65,66.27,65.05,72.2,62.57,48.54,43.45
46.13,42.43,40.82,43.12,45.92,67.74,77.59,81.24,79.66,60.1,50.63,53.21,51.41,56.09,55.27,58.22,74.62,82.93,68.5,79.16,69.04,55.63,49.66,41.17
39.77,37.95,37.19,38.96,39.74,42.81,58.49,50.39,48.69,56.65,51.35,51.95,59.51,56.91,57.21,59.04,163.13,66.19,72.43,76.29,67,72.73,56.28,46.31
45.25,42.81,41.67,41.86,41.87,46.31,59.59,62.23,107.44,41.51,41.71,43.41,49.01,67.02,64.15,58.05,58.08,48.85,41.99,42.56,39.76,37.11,40.65,42.96
42.6,40.73,40.08,41.15,40.27,40.91,49.68,42.07,38.34,32.13,35.96,34.39,35.2,37.63,39.57,39.73,42.49,43.11,44.63,44.37,43.48,43.33,41.6,45.06
50.08,44.76,44.42,43.04,41.13,39.86,42.79,53.77,37.63,39.79,41.71,39.52,42.11,42.1,42.21,41.45,40.73,44.07,42.78,44.03,44.42,42.28,44.31,43.54
43.44,45,44.33,43.5,43.56,46.04,46.76,38.41,37.89,37.49,43.32,45.44,45.16,41.37,34.46,26.11,35.38,38.96,38.49,40.71,48.06,46.15,48.59,50.39
60.09,54.71,53.33,55.63,52.76,46.16,53.34,61.03,71.54,93.93,71.64,120.41,116.23,79.92,77.17,101.79,102.45,72.13,73.29,55.28,53.06,45.69,57.85,56.82
51.37,56.36,63.76,52.16,46.82,67.48,65.44,73.71,94.04,74.2,116.35,76.28,77.02,61.46,68.89,60.69,66.35,69.42,122.05,118.03,75.87,77.27,69.68,62.21
64.23,56.29,63.65,59.66,61.62,147.28,74.67,62.95,62.59,51.34,51.96,49.76,52.94,50.22,53.96,49.08,51.56,60.12,68.09,62.82,53.16,49.39,46.34,45.44
44.78,43.79,43.33,42.89,45.3,51.59,59.55,48.29,57.9,44.55,49.62,44.04,43.25,45.21,44.14,46.34,46.68,53.97,44.63,42.98,41.96,38.24,43.55,51.73
49.65,47.86,48.84,49.03,55.19,70.38,64.76,44.64,48.53,42.37,39.3,39.98,39.64,39.2,39.44,40.74,43.03,46.33,49.64,66.64,45.99,44.2,57.07,60.81
63.9,45.6,46.24,45.74,49.23,60.62,45,44.86,46.65,43.77,41.07,43.74,53.42,56.56,43.02,43.07,49.61,59.07,96.87,96.14,71.65,61.31,45.17,39.97
41.28,39.69,39.57,38.53,38.39,36.16,33.37,32.19,34.03,38.59,43.34,35.65,32.02,29.68,22.97,27.33,45.42,68.47,71.8,60.75,62.38,46.61,38.49,39.61
43.6,41.3,40.46,37.93,30.14,43.2,62.19,55.43,53.68,69.23,74.93,67.72,58.79,54.92,51.94,42.97,43.07,48.4,74.13,54.87,43.31,40.45,37.23,44.92
54.29,44.26,43.24,44.05,50.96,63.48,62.23,73.92,61.36,63.61,56.73,57.46,61.22,64.68,64.01,65.73,82.01,60.91,63.12,93.99,55.21,54.44,42.25,47.34
43.01,39.89,38.29,40.72,36.81,39.14,47.22,48.35,42.82,39.2,38.82,45.4,48.94,46.07,49.41,50.08,55.6,77.01,81.18,114.84,86.88,60.21,83.91,53.74
49.88,53.71,54.48,53,60.3,77.02,69.53,74.78,79.75,65.08,64.18,63.97,58.07,48.3,46.15,51,50.45,60.79,73.52,115.56,73.66,69.48,61.17,57.19
66.57,51.43,49.75,54.94,61.92,70.94,74.4,59.81,62.59,59.85,46.14,51.01,46.75,44.07,41.35,41.08,44.74,53.4,56.01,58.49,68.16,55.56,54.04,49.47
49.86,46.49,46.49,45.73,48.1,48.72,45.37,41.33,39.84,39.29,23.71,26.14,31.68,37.7,35.27,30.31,39.87,40.52,43.1,47.77,56.96,43.37,42.48,40.5
45.77,44.91,47.05,45.88,47.77,49.69,47.83,43.04,44.76,43.65,44.46,42.79,42.83,43.77,40.96,46.74,63.36,67.03,105.99,77.37,66.85,44.75,46.79,43.54
44.48,43.88,43.2,41.66,20.59,74.19,71.07,78.72,85.45,70.71,74.92,55.14,71.39,61.27,66.79,51.67,65.81,101.62,67.58,70.46,53.4,48.55,64.53,55.42
47.93,48.29,42.72,42.95,41.87,38.25,54.29,49.31,49.1,57.26,52.63,44.98,60.52,50.92,50.35,49.62,56.49,74.56,62.29,76.98,55.13,51.67,47,49.18
49.05,50.01,50.96,55.03,62.83,42.83,56.06,74.28,82.39,73.99,76.33,63.12,63.49,64.13,65.04,70.99,57.21,65.48,62.98,77.7,77.62,69.36,57.56,53.23
52.75,52.27,52.38,51.91,73.22,59.84,57.82,54.99,56.08,49.61,48.05,54.2,55.02,57.92,57.24,52.61,58.04,54.09,56.09,59.2,57.37,60.98,63.91,56.41
66.59,58.99,51.02,50.61,51.47,72.17,83.92,84.68,95.41,85.55,79.09,77.04,65.73,70.08,77.01,65.85,62.41,57.67,53.93,54.84,55.07,59.39,56.63,59.64
64.42,54.74,52.07,51.84,52.21,52.84,53.3,79.75,89.13,67.65,92.9,64.83,61.6,62.7,64.04,75.86,72.87,63.45,62.39,76.66,61.59,63.07,55.89,54.98
58.5,53.57,53.78,51.8,53.73,55.51,52.83,53.5,54.31,55.54,51.54,51.38,51.41,53.32,51.4,50.91,47.55,54.24,53.17,69.37,75.53,53.66,54.89,51.53
50.06,47.85,46.03,46.95,51.76,53.53,52.73,50.71,44.3,49.01,49.64,50.64,48.19,48.36,51.07,52.86,56.9,66.13,63.57,68.71,65.27,54.51,56.09,50.44
49.84,49.4,49.9,48.88,32.61,45.89,51.88,50.83,50.48,48.87,45.74,46.58,47.09,58.84,62.03,68.99,71.68,59,59.91,77.92,59.63,67.01,65,45.03
41.02,45.52,45.82,47.15,21.56,16.74,54.79,61.08,71.63,86.83,71.36,55.28,56.85,98.36,60.9,56.57,48.3,50.86,53.65,56.48,65.21,65.21,86.77,45.68
45.71,44.47,43.05,43.78,44.42,50.35,49.56,63.43,56.73,67.54,60.73,55.62,53.97,56.85,56.13,83.95,66.3,70.17,72.42,62.91,67.84,52.5,65.87,52.92
49.2,47.82,45.81,46.09,47.64,50.78,71.81,69.11,66.96,95.62,113.47,91.94,91.4,100.81,135.05,94.62,96.09,85.88,85.49,83.19,92.92,92.7,80.01,77.4
59.16,55.87,59.25,58.44,72.01,64.33,79.69,94.95,80.04,87.58,92.47,93.77,96.68,99.26,96.17,88.66,69.7,72.22,71.32,74.53,61.07,63.58,51.89,51.35
50.11,46.79,43.4,42.99,42.75,40.99,39.56,44.35,44.33,44.68,49.17,55.15,57.69,57.66,65.92,64.39,75.51,72.82,61.81,68.72,72.66,64.39,55.52,64.92
50.27,48.36,46.46,45.03,42.99,47.33,54.64,61.05,71.45,65.75,62.19,60.1,56.3,48.52,112.5,70.86,70.32,66.42,68.95,68.81,71.27,67.06,57.19,71.31
53.88,49.35,46.39,54.16,65.49,76.77,56,62.47,58.06,56.55,54.86,55.24,51.25,51.07,55.02,68.9,92.64,70.85,66.45,65.59,63.19,66.55,84.78,114.78
61.1,56.87,53,52.89,61.31,66.91,72.91,87.99,65.69,91.97,58,60.02,59.06,82.74,64.34,61.83,71.8,67.45,61.21,62,63.38,56.12,68.91,53.62
51.75,50.86,49.56,48.56,51.73,52.49,57.5,57.94,62.64,59.53,62.89,50.2,51.06,45.92,43.68,36.89,53.05,52.41,56.01,56.34,58.69,52.41,52.45,56.67
50.43,46.86,45.22,44.84,47.24,52.94,53.52,52.9,51.96,49.53,47.78,39.77,31.95,38.45,44.47,44.77,46.75,42.35,45.45,49.5,50.64,49.65,51.39,49.84
47.65,44.69,44.32,43.44,40.73,22.25,35.51,40.21,26.08,46.55,52.72,57.19,69.74,69.45,69.16,96.77,142.32,158.62,82.44,77.63,75.07,74.93,62.12,60.25
60.25,52.76,51.76,49.12,48.97,44.9,44.75,50.97,53.09,51.64,52.39,53.05,58.41,64.65,74.33,96.4,86.31,83.04,63.46,57.77,60.75,53.72,55.47,53.05
55.21,51.11,46.88,46.79,49.36,47.36,53.9,54.83,50.74,48.26,46.81,49.51,53.23,54.7,60.07,67.33,93.69,65.59,59.98,58.53,58.74,59.02,52.74,55.87
71.32,59.41,52.49,55.59,58.65,62.92,89.46,78.96,83.11,75.67,69.34,74.82,75.79,86.57,87.45,78.79,108.82,92.08,74.39,90.54,97.05,58.45,53.68,51.79
51.43,48.09,47.97,49.25,53.31,66.73,75.15,58.89,65.21,62.89,84.75,61.7,77.94,67.38,71.75,92.87,100.29,79.03,78.05,81.35,77.92,68.71,79.47,56.16
60.57,54.3,52.56,53.74,57.12,60.5,55.47,69.35,72.41,61.12,65.24,71.44,67.41,76.91,67.91,86.67,77.15,80.01,84.61,109.52,98.46,95.65,99.18,73.38
73.47,60.89,60.12,58.37,71.84,58.11,74.12,79.23,68.24,73.69,82.5,77.68,78.59,84.06,81.28,87.14,79.73,65.62,76.41,71.88,69.79,66.99,67.21,57.27
55.61,52.02,51.92,51.47,51.49,51.02,50.46,46.27,49.83,47.74,49.57,51.42,49.27,47.69,49,48.04,51.06,53.21,52.38,52.17,49.56,45.51,44.15,45.96
44.23,41.87,35.38,24.08,19.14,21.29,16.64,13.27,45.54,47.67,48.25,48.99,52.01,51.45,53.96,59.71,66.59,64.88,59.97,51.37,50.66,52.54,50.9,47.52
43.28,25.35,-9.41,9.26,10.25,-12.64,-20.21,4.37,40.71,49.71,52.95,59.94,63.34,91.55,93.11,130.37,146.99,182.36,102.73,89.71,99.08,65.34,55.1,57.49
52.12,49.98,44.9,44.17,47.97,51.93,60.32,61.44,71.24,95.44,100.58,122.12,87.95,95.44,146.79,138.65,196.25,181.2,138.77,108.02,117.6,99.72,92.87,69.08
76.99,58.55,54.26,53.38,58.14,58.08,78.01,82.06,73.08,82.6,77.49,64.15,85.03,72.79,98.88,86.34,78.47,70.12,71.12,64.45,64.85,58.8,93.67,82.95
76.95,64.45,61.84,58.7,69.2,70.04,74.67,64.26,64.13,70.23,70.88,72.12,114.58,150.88,169.72,108.34,93.35,107.67,79.1,82.15,100.55,73.93,93.57,84.29
75.05,56.81,55.49,64.35,90.81,66.43,73.27,75.87,65.8,79.56,91.11,81.62,78.53,72.78,92.77,109.64,116.38,92.55,65.35,59.71,66.33,83.75,73.87,55.64
77.32,67.65,76.62,71.24,81.48,60.25,66.4,60.49,60.03,65.94,54.6,55.03,55.38,57.69,76.82,75,84.93,96.51,69.36,52.7,55.16,55.77,52,50.32
52.51,49.79,49.64,50.08,50.71,49.56,48.96,51.8,49.89,48.4,51.42,50.89,47.03,42.33,48.39,53.57,62.1,76.91,58.7,60.6,66.06,54.59,52.07,55.8
47.79,42.12,45.69,49.82,54.27,53.58,53.6,56.53,63.53,75.85,69.16,59.2,63.54,77.31,74.8,109.77,101.07,86.68,89.24,68.24,99.32,70.91,68.7,54.31
55.67,52.76,50,49.84,52.67,56.66,65.58,69.22,79.29,79.03,77.22,61.08,66.89,79.37,74.3,76.38,74.75,77.6,74.66,66.1,58.6,56.86,59.69,62.71
64.85,56.19,52.55,53.47,55.11,60.32,71.69,69.61,68.85,79.43,70.4,80.07,103.03,74.86,102.34,134.79,137.64,101.53,81.67,83.11,90.03,71.39,71.69,87.31
65.86,59.09,57.17,58.48,66.65,67.47,73.41,75.57,100.13,83.62,97.19,74.75,86.07,99.6,117.51,108.26,112.63,101.01,104.57,89.18,68.47,68.62,68.91,60.4
60.45,54.35,51.69,52.37,54.61,55.08,57,56.96,56.41,59.48,67.05,62.97,60.33,69.07,75.68,74.57,75.7,67.07,63.86,57.9,63.12,57.3,53.55,51.09
55.48,51.88,49.95,49.24,50.41,47.16,47.5,49.35,52.05,53.12,58.31,67.76,61.45,55.76,54.17,52.15,53.86,54.29,60.44,53.66,61.35,59.66,67.52,51.74
56.01,56.38,51.93,51.39,51.49,50.46,49.17,49.95,51.56,53.46,54.62,55.49,45.65,53.72,56.26,83.66,104.87,90.2,69.52,63.88,78.22,91.59,74.09,66.15
67.61,56.35,53.67,53.91,61.96,70.38,76.92,109.71,110.68,197.06,113.88,154.04,202.58,175.98,992.13,2165.16,1621.12,413.62,144.62,113.18,108.97,90.94,91.91,74.71
61.31,56.45,53.39,55.7,61.85,73.96,79.91,87.36,57.1,70.43,71.3,80.03,96.38,95.82,126.08,125.34,178.94,158.48,128.79,96.58,88.25,76.58,81.45,65.09
60.11,54.42,51.98,51.74,53.15,55.22,65.39,93.32,102.29,67.44,88.79,119.69,83.24,82.74,99.93,124.91,126.93,99.99,123.78,102.97,97.36,67.26,68.2,83.01
63.76,55.83,51.95,50.27,59.71,70.66,87.39,70.23,57.53,55.73,53.92,46.37,49.14,61.99,58.08,60.1,61.12,71.17,74.09,73.22,64.07,56.38,56.14,62.62
60.18,53.87,51.72,51.77,50.55,51.83,70.44,71.31,77.29,91.49,86.05,95.08,102.27,104.21,96.03,115.02,103.92,97.21,86.72,83.42,80.19,70.09,63.37,61.03
54.43,50.7,47.41,45.81,45.93,45.74,47.81,53.68,48.9,45.21,46.62,43.91,42.7,43.13,43.69,44.04,46.88,45.51,43.6,41.77,45.34,42.99,39.96,28.22
36.57,34.03,31.25,28.27,25.52,10.26,8.51,5.02,22.54,37.61,37.28,34,11.99,9.28,10.14,25.22,43.21,48.8,47.64,48.62,56.18,55.57,43.44,41.31
38.89,32.58,32.08,33.5,37.97,38.74,40.84,43.84,43.85,43.79,49.4,42.23,42.39,49.14,49.3,56.16,78.53,88.49,58.36,57.32,54.64,48.45,44.91,38.7
29,12.96,-0.07,22.97,33.09,36.29,41.48,43.77,43.35,45.33,47.33,51.81,46.25,51.29,64.7,81.7,113.18,54.46,51.99,52.85,60.4,53.7,56.08,57.78
48.69,44.09,41.52,41.71,43.38,45.37,47.21,63.02,74.67,83.71,92.28,63.26,64.15,56.32,68.97,56.51,56.15,51.95,48.83,57.9,46.8,42.38,46.29,60.81
47.38,41.18,41.01,41.46,42.96,40.26,56.32,58.94,56.25,54.76,50.08,57.46,53.91,50.34,62.42,73.23,63.07,71.97,77.67,59.69,56.03,49.76,46.97,45.53
43.04,39.58,39.02,37.95,40.33,41.77,46.24,51.64,53.56,54.79,56.6,67.81,67.12,105.7,129.15,209.54,109.28,170.22,138.05,67.95,68.75,68.21,61.59,51.7
78.93,42.22,40.86,39.4,38.88,38.04,39.34,42.75,58.14,54.32,80.46,81.03,90.06,68.07,101.25,124.03,116.14,121.89,110.88,70.23,77.83,68.86,67.7,75.53
46.61,40.93,41.12,40.33,39.88,38.39,39.74,42.47,46.46,53.86,60.39,79.66,84.96,82.92,87.17,102.77,95.32,84.7,75.5,72.62,85.05,56.53,62.82,53.81
49.35,42.16,41.77,41.82,47.5,49.57,103.87,103.42,67.82,73.44,84.93,70.13,86.99,79.68,75.45,64.32,249.03,54.95,53.64,48.06,51.53,44.58,46.15,43.47
46.88,38.86,37.88,37.74,39.64,39.39,39.53,38.93,38.88,38.59,39.71,43.71,44.03,52.11,51.43,76.22,91.14,60.39,47.96,43.83,42.9,43.19,44.85,40.5
39.27,36.62,35.15,34.97,37.05,38.29,39.91,40.34,43.21,48.56,51.18,57.42,64.25,85.51,101.01,161.88,108.42,86.02,66.18,58.37,57.84,56.12,52.88,50.36
44.31,42.17,41.08,41.25,42.16,44.37,50.82,51.64,52.99,62.13,67.4,71.68,81.67,87.73,88.93,103.29,109.92,87.87,79.31,54.24,61.53,57.99,58.37,50.75
48.33,45.46,43.29,43.22,44.81,44.78,51.36,79.17,93.61,81.2,97.99,94.8,101.74,123.16,90.36,87.86,91.05,84.1,77.03,73.53,74.43,72.97,67.12,57.42
58.85,54.52,47.8,45.24,45.41,42.45,43.37,46.16,49.1,80.04,100.02,89.57,88.27,101.02,104.25,113.52,126.89,84.38,78.13,68.88,75.53,67.08,59.16,50.68
49.55,44.9,40.34,38.05,36.93,36.21,36.81,37.13,38.52,44.95,47.95,49.39,44.04,50.31,52.24,60.08,78.96,68.85,51.11,46.58,42.19,43.4,43.51,41.66
37.54,36.95,35.99,35.23,33.59,29.69,28.84,32.75,35.78,37.46,40.39,42.85,44.59,43.97,50.1,56.48,73.89,65.06,55.32,49.01,47.39,45.76,44.63,43.86
40.09,35.52,32.13,33.97,37.3,41.22,41.08,49.82,55.91,84.02,81.34,79.47,95.12,90.31,80.96,80.41,81.07,59.24,58.39,57.64,48.62,53.43,52.26,50.82
54.24,50.9,42.8,42.08,53.91,51.09,64.91,67.18,57.19,62.43,71.67,69.84,73.49,56.81,55.96,64.13,72.56,73.12,65.35,68.74,50.33,51.73,54.91,60.02
49.98,43.38,42.5,42.58,46.12,45.09,45.82,51.03,57.5,57.99,67.9,64.38,69.93,67.19,74.49,83.63,84.47,62.7,94.7,82.57,61.29,50.67,47.74,47.3
46.6,39.23,36.71,36.82,38.13,41.43,45.56,53.35,49.69,56.37,63.11,67.2,88.4,76.65,69.89,72.12,72.52,62.35,50.11,51.55,53.77,50.54,46.51,86.15
79.1,68.28,51.59,50.62,49.84,50.53,53.84,64.9,84.44,65.54,75.81,82.33,79.76,80.32,73.66,75.91,85.57,78.52,61.13,65.93,76.32,58.62,49.18,43.2
39.63,38.73,36.97,35.6,35.66,35.3,37.06,42,39.67,43.16,62.99,60.71,68.43,57.02,53.54,68,77.84,82.04,60.59,47.13,58,55.01,46.65,45.12
40.02,36.68,35.22,35.43,37.66,39.34,41.99,45.92,41.09,43.8,53.37,77.08,75.84,80.61,96.87,102.94,102.68,98.05,58.04,68.83,65.9,51.94,45.28,51.67
41.46,36.82,35.68,35.75,38.73,46.33,52.05,48.9,55.3,93.18,72.16,88.38,88.71,103.01,124.54,151.7,138.07,105.19,99.96,87.33,89.65,72.12,71.81,82.79
59.82,52.33,48.34,45.76,54.74,62.57,88.02,84.55,115.42,87.81,75.45,70.36,67.87,85.67,125.53,159.08,125.59,116.36,99.64,101,104.7,78.41,73.26,60.34
51.57,45.06,42.71,43.3,48.35,48.96,64.41,65.71,77.15,103.03,87.28,89.89,66.95,98.61,106.51,108.13,114.72,101.63,92.32,93.91,76.75,64.86,62.71,55.06
51.83,49.37,46.09,46.19,50.37,51.63,55.02,51.13,57.62,68.24,70.8,79.65,69.91,75.36,91.68,99.22,87.08,77.07,67.46,62.8,85.48,72.26,69.74,53.4
52.04,48.77,46.58,44.85,46.25,46.4,47.63,51.18,52.43,56.01,73.28,75.33,73.6,74.29,116.08,69.5,66.12,55.19,55.24,58.76,73.34,74.17,62.09,56.39
48.92,48.21,45.34,44.91,44.14,43.42,42.87,43.71,44.98,49.98,63.47,85.1,75.87,80.51,82.09,106.14,115.63,97.35,96.92,95.96,102.25,76.85,71,68.89
62.38,53.02,49.66,51.54,67.92,75.17,76.6,63.4,74.66,96.41,112.6,129.69,193.35,153.36,117.81,130.91,151,139.65,84.8,105.6,104.02,78.82,74.46,71.32
54.16,49.6,45.83,44.19,48.61,61.38,65.42,84.25,94.56,111.74,101.4,121.29,145.61,124.83,118.82,161.56,198.03,146.89,129.6,105.51,109.25,102.85,96.18,74.91
63.32,53.85,51.2,51.23,53.62,64.06,77.06,80.94,93.27,95.93,104.77,126.84,138.08,155.12,156.25,161.04,210.43,223.22,199.55,127.58,154.29,111.61,115.08,94.14
73.02,68.12,64.86,66.52,79.82,88.89,110.52,95.62,111.12,126.85,131.58,162.84,150.93,165.23,200.19,167.26,171.56,174.61,142.74,123.92,112.08,109.18,102.76,81.01
73.41,64.31,57.45,56.25,61.47,63.24,72.81,83.66,97.27,104.81,133.73,142.62,153.16,178.91,213.96,181.18,185.63,171.5,138.76,132.11,125.45,94.05,78.2,80.58
63.42,59.03,56.41,54.89,53.9,50.13,53.63,62.25,75.82,77.38,80.6,96.97,109.33,115.94,116.52,175.91,168.41,174.78,92.86,90.92,80.58,78.74,74.09,63.96
66.4,60.6,56.14,53.03,46.84,39.5,48.05,55.04,57.56,83.58,114.4,102.73,117.69,153.66,125.77,243.66,194.93,217.73,144.99,135.57,128.02,112.5,103.54,128.73
93.1,83.06,73.08,83.55,118.27,130.85,115.13,106.24,121.48,112.77,153.8,128.67,114.67,123.61,121.6,120.47,117.22,128.16,111.05,98.53,109.48,87.95,82,72.61
69.18,57.88,57.02,56.91,61.06,73.79,67.99,68.99,75.2,75.68,81.23,76.18,64.22,65.71,63.41,76.35,83.38,80.86,72.13,68.22,75.63,63.35,58.6,62.42
56.37,55.02,52.91,53.48,59.25,63.5,66.61,73.71,72.37,88.43,89.03,89.21,104.99,121.69,107.19,107.03,136.54,115.8,111.86,112.35,102.77,88.7,88.56,85.82
74.28,68.15,64.85,59.81,68.79,72.51,76.26,100.55,101.49,111.62,128.04,127.47,142.29,131.17,201.18,306.4,210.36,154.9,133.45,127.74,103.19,95.62,81.89,69.8
71.75,62.99,57.48,56.94,69.09,66.68,83.95,91.57,87.35,87.24,86.76,82.75,105.25,97.06,114.5,110.12,110.12,94.93,86.12,104.85,81.81,62.7,63.91,75.55
60.13,59.5,54.6,52.62,52.07,51.49,53.6,61.05,78.2,79.72,86.39,100.03,102.71,138.48,106.79,149.06,160.57,150.31,117.73,76.89,81.78,74.17,70.97,65
53.78,54.3,53.67,51.71,50.8,37.9,45.32,51.67,52.29,58.98,75.22,84.27,107.15,88.48,108.85,100.04,93.51,93.8,93.19,98.15,84.84,65.86,62.49,58.57
57,52.37,50.29,51.13,55.69,72.19,69.57,70.3,74.37,66.16,66.53,62.67,65.81,65.7,64.43,69.83,74.55,76.5,70.64,58.79,64.89,59.22,47.31,48.13
43.9,38.38,34.25,40.62,45.77,48.4,55.33,65.23,82.53,61.74,113.87,114.65,198.37,118.6,161.09,179.91,164.2,144.25,103.51,106.03,105.33,81.83,73.53,60.68
57.7,51.11,48.59,47.17,47.4,49.49,51.96,65.62,74.05,76.07,123.38,97.62,120.36,148.78,135.17,110.76,136.42,122.92,107.2,88.09,74.3,72.13,59.63,66.42
56.85,51.12,49.25,49.3,50.74,52.44,60.42,78.49,72.87,84.66,89.08,131.02,181.23,141.69,142.78,137.41,126.38,105.59,113.01,113.06,77.81,65.38,62.51,58.79
61.43,55.9,53.24,53.25,56.26,60.84,72.63,68.65,79.97,85.76,100.77,100.33,96.65,156.96,219.1,155.96,161.8,126.19,150.6,124.1,114.55,83.88,82.3,71.82
71.77,68.41,61.45,61.83,60.92,56.28,60.01,82.8,89.37,130.92,107.43,121.68,115.68,147.22,261.31,196.91,257.16,151.95,118.03,144.8,126.92,106.2,106.17,95.2
72.3,80.05,67.83,60.62,56.52,56.88,54.25,68.86,88.61,83.48,95.61,135.66,131.67,125.54,159.02,246.97,302.94,241.13,195.45,141.23,150.16,170.23,106.04,91.19
81.15,75.92,73.69,76.16,88.53,124.94,120.01,97.08,160.53,165.48,243.69,232.17,705.29,513.89,485.71,513.93,717.25,663.13,333.37,133.8,110.53,105.19,138.45,103.74
113.03,75.17,69.1,75.36,91.95,102.54,106.61,116.29,144.83,113.86,206.74,229.22,324.26,372.25,688.29,1125.8,1256.13,180.63,113.68,105.09,102.03,95.3,112.11,96.06
81.86,64.91,58.51,60.43,75.29,80.04,80.4,85.93,85.36,85.3,88.08,96.47,113.79,112.07,106.1,123.7,149.3,114.4,98.78,126.96,96.27,92.25,75.99,77.82
72.91,65.87,55.13,58.7,69.67,94.95,69.08,89,79.82,95.67,87.55,85.22,105.68,98.47,119.03,135.2,154.99,120.01,102.79,89.28,85.84,70.54,65.77,67.98
60.24,53.68,51.82,52.77,63.34,69.89,67.19,61.39,72.82,77.01,78.77,79.29,78.37,85.12,87.23,98.44,105.22,101.64,83.08,65.82,65.53,57.27,57.31,58.85
55.06,53.04,52.68,50.93,51.13,53.08,52,52.1,53.65,51.75,53.17,51.25,50.96,50.55,51.83,59.33,63.11,70.97,70.6,67.82,60.09,61.74,56.32,55.1
62.99,56.59,53.47,52.78,53.49,52.73,53.91,55.97,55.22,54.82,57.9,61.81,67.97,61.46,67.27,70.93,90.37,77.98,83.38,81.54,71.69,67.64,64.48,64.29
59.38,50.48,52.99,56.84,64.69,62.91,58.56,68.33,81.34,79.53,79.09,71.77,79.58,90.65,98.94,91.95,93.74,97.53,79.6,76.95,121.81,68.75,62.9,57.41
53.08,49.58,49.17,51.09,53.15,52.28,51.19,53.48,58.88,58.99,67.6,72.93,72.04,72.25,82.17,110.52,100.79,94.73,103.59,81.98,75.96,60.11,52.34,54.26
54.42,52.51,51.38,52.48,54.83,55.55,57.34,54.64,58.36,79.41,92.95,79.14,85.98,93.65,79.28,96.39,106.96,97.45,81.96,85.34,72.2,63.41,61.29,67.95
61.74,58.8,56.65,56.68,60.86,69.15,58.61,58.09,57.64,64.09,86.8,102.61,93.38,92.08,89.43,101.96,107.96,111.06,97.62,85.62,84.85,71.68,63.32,63.47
61.82,57.32,55.65,54.82,57.14,58.56,56.6,57.38,74.91,86.74,114.67,105.33,101.96,103.14,144.41,153.96,138.06,111.05,103.42,96.95,88.24,77.28,75.07,83.6
82.26,63.7,60.5,61.04,61.12,62.86,65.88,69.87,78,111.33,87.36,105.99,106.64,122.88,133.64,143.8,142.48,121.71,97.91,101.13,90.05,88.19,75.95,72
64.19,60.05,61.68,59.78,58.52,60.86,64.47,69.31,71.64,75.04,87.13,81.32,81.97,87.36,107.89,123.01,123.4,119.31,106.06,84.86,84.97,75.67,74.43,75.13
66.59,59.69,58.58,59.81,77.42,84.66,84.22,84.27,94.96,94.19,82.81,96.11,119.03,120.62,146.09,148.87,150.19,116.43,101.62,93.35,94.5,84.62,73.61,78.57
71.06,59.21,56.03,56.32,60.14,75.62,77.07,79.95,84.04,94.65,116.96,105.79,101.37,124.88,127.87,183.79,209.94,141,85.57,105.15,93.42,82.58,72.86,71.85
65.87,60.66,58.12,58.3,62.2,68.57,76.25,81.07,75.31,90.55,108.4,101.7,95.38,89.52,123.41,145.03,106.57,93.15,81.39,101.24,92.3,85.21,76,72.43
65.48,64.62,61.09,60.56,65.02,67.68,77.26,71.72,83.46,87.9,99.28,86.07,72.69,111.64,113.39,132.24,137.28,98.66,98.58,118.72,102.29,84.45,85.4,77.99
77.23,68.04,62.64,62.61,72.95,84.63,92.6,102.81,92.63,119.24,136.82,159.3,146.89,153.49,199.01,182.85,202.95,149.65,127.84,113.44,95.79,92.74,78.09,73.73
76.81,65.68,63.18,60.67,61.53,60.56,58.47,65.72,76.16,86.14,98.39,108.48,126.11,128.6,189.05,175.25,159.06,147.49,100.46,94.82,84.96,71.93,71.83,64.57
63.81,60.19,59.91,58.09,57.45,56.77,54.7,56.3,61,68.21,75.12,88.88,117.71,95.52,119,102.99,111.49,89.93,109.89,126.37,85.62,87.25,92.54,93.67
73.25,61.52,64.09,74.57,92.81,97.67,103.1,108.15,103.12,106.42,106.09,163.78,214.86,178.19,235.56,286.29,171.46,131.93,115.13,106.12,100.31,118.27,86.91,79.81
82.18,70.3,68.6,68.61,90.76,104.34,98.11,96.67,96.84,106.52,116.63,149.46,150.59,161.77,143.53,127.99,142.41,126.54,120.23,110.74,90.97,73.7,76.6,72.22
71.64,63.06,59.19,59.38,67.36,78.96,76.38,80.26,79.2,86.25,88.28,93.44,147.25,96.84,105.25,156.03,147.33,127.02,98.44,89.87,79.02,65.87,63.49,60.11
59.22,55.62,54.18,54.24,58.44,61.09,62.73,59.73,69.25,80.85,80.58,100.19,95.77,108.15,151.96,152.53,130.91,111,83.67,89.97,83.35,75.99,74.3,64.9
60.34,57.54,55.62,55.88,57.84,58.89,56.82,55.88,57.36,54.96,57.13,59.04,60.66,61.35,69.4,80.16,91.98,71.77,57.94,57.37,58.87,61.23,62.88,64.82
65.18,57.26,56.31,55.95,56.77,57.42,56.65,57.84,56.28,54.87,58.49,60.11,72.52,89.58,76.19,76.54,86.51,73.75,68.69,95.91,78.4,83.92,73.48,82.46
66.96,67.24,58.15,57.03,57.59,56.21,54.72,54.66,59.38,66.27,80.4,88.8,94.17,94.7,108.03,103,106.22,100.51,73.07,69.69,74.48,66.5,83.75,73.46
72.96,67.93,63.25,59.79,69.38,71.81,57.43,59.3,66.6,76.47,103.7,100.73,97.02,112.4,88.35,101.11,102.19,88.44,97.46,89.92,77.62,69.66,75.46,81.88
67.72,63.14,62.39,70.19,90.06,108.17,104.81,90.47,87.43,84.21,80.98,78.68,71.49,76.95,80.15,69.05,78.02,78.01,115.31,104.48,76.95,64.38,66.88,72.71
81.67,55.92,55.73,57.01,65.85,93.96,78.88,75.12,72.19,62.71,66,65.03,66.78,65.93,67.64,65.15,61.68,73.24,63.18,69.33,65.76,60.74,56.84,58.49
73.59,55.4,54.69,54.95,69.78,75.19,80.02,66.47,62.65,54.94,56.07,59.34,69.77,77.68,71.43,93.63,91.98,74.54,71.1,72.77,67.07,70.51,80.41,51.91
51.89,51.87,50.08,49.57,53.39,58.82,64.73,54.64,54.16,56.82,55.83,57.2,62.83,65.13,90,117.7,119,80.88,73.3,64.79,62.27,72.84,67.92,59.27
57.14,57.04,53.2,57.72,62,62.88,51.75,49.43,47.41,49.18,52.37,57.99,66.49,96.96,103.3,88.27,87.86,81.41,73.56,65.9,67.63,70.56,103.2,74.72
62.8,62.17,85.86,54.57,70.36,62.5,55.12,57.81,55.68,62.88,64.8,65.69,62.75,60.26,56.6,58.32,105.1,68.53,89.7,70.6,67,68.09,121.59,52.61
61.42,51.88,55.35,57.38,65.39,80.5,72.42,81.52,74.95,70.59,74.5,78.78,92.2,147.49,208.18,175.23,169.98,89.65,158.08,89.65,93.57,94.35,84.22,62.39
92.19,63.9,57.09,58.42,100.05,100.64,74.47,76.95,79.93,79.76,82.23,85.95,94.32,101.82,100.45,93.2,176.81,107.02,77.86,70.46,59.94,59.86,57.17,53.54
49.95,53.95,50.38,50.57,54.07,51.55,51.4,51.28,49.36,51.47,52.94,53.86,55.67,57.23,62.34,68.67,94.26,80.64,60.4,63.18,72.28,77.5,79.31,56.95
60.74,55.72,54.98,54.93,64.17,53.1,63.77,54.74,55.16,54.42,54.95,54.71,54.59,56.33,55.18,56.12,57.33,59.11,57.95,60.01,54.52,53.65,51.55,53.46
52.62,52.12,51.08,50.5,53.09,65.9,62.29,53.04,51.34,49.77,50.6,52.37,51.81,47.98,54.91,61.44,61.85,57.75,56.93,53.33,60.75,56.83,56.81,59.56
61.28,51.35,49.37,49.69,50.08,52.18,50.96,51.48,54.75,56.8,61.95,60.55,59.26,58.72,70.13,69.14,95.63,65.61,58.14,74.7,58.1,60.87,55.04,52.54
51.29,48.6,45.88,43.77,42.65,43.25,45.01,46.32,47.55,50.2,51.58,60.38,66.36,68.71,90.64,101.39,129.82,95.32,68.12,60.41,54.46,58.51,58.1,49.29
51.46,48.82,47.96,47.79,48.2,78.04,63.95,63.46,59.38,66.01,78.59,94.92,78.24,65.67,72.3,64.95,57.49,68.12,69.36,65.6,58.26,55.03,53.54,51.83
49.56,47.82,45.48,46.37,48.94,52.05,60.14,50.9,46.08,51.1,52.83,56.18,53.57,55.32,57.56,66.51,70.87,67.69,64.36,57.69,50.39,47.28,46.57,47.35
46.25,43.5,43.04,44.71,48.39,55.86,55.21,49.69,54.98,64.76,47.26,50.31,49.51,57.42,78.34,124.93,82.4,61.18,61.91,56.95,56.61,54.57,54.78,49.27
48.65,45.64,44.48,44.85,49.02,81.19,58.09,50.93,51.51,61.33,74.53,61.08,45.5,44.14,38.09,37.18,39.15,41.7,46.49,44.08,42.15,38.51,37.62,37.23
37.94,34.19,35.47,37.35,39.7,60.9,49.4,43.69,43.34,40.28,38.66,31.15,25.76,17.29,17.42,30.93,35.98,38.52,40.89,38.67,39.73,42.62,42.68,40.68
60.33,39.94,39.79,39.47,38.37,46,54.89,47.8,43.32,32.35,29.07,27.33,25.03,25.92,23.84,23.86,28.99,33.79,38.84,32.71,31.62,31.14,30.11,27.96
26.9,25.84,26.28,26.2,26.87,27.39,28.48,28.16,30.44,32.71,33.61,34.32,34.85,36.1,36.65,38.68,38.47,42.05,58.4,42.19,34.98,37.79,35.48,36.26
32.41,29.99,29.82,29.52,35.88,41.18,48.44,41.66,46.78,43.97,35.79,33.23,34.63,31.67,33.77,41.52,47.54,38.14,48.92,42.32,33.46,43.25,47.86,32.64
30.85,29.06,28.33,28.05,29.58,38.88,40.5,41.57,41.57,32.78,30.43,28.67,32.1,31.08,30.69,31.65,42.64,37.58,50.59,37.58,32.3,29.97,31.17,32.44
32.21,30.9,30.3,30.01,29.08,33.17,39.36,42.07,38.44,36.79,34.75,46.8,38.53,44.51,47.13,49.44,46.6,58.82,87.26,51.92,44.37,41.76,44.6,41.66
37.34,37.38,37.4,39.87,44.18,70.58,63.19,85,74.23,71.58,47.95,40.4,50.42,45.84,49.17,67.47,56.66,50.35,71.69,58.78,55.4,52.24,41.47,38.87
36.93,36.61,36.82,38.81,42.74,72.16,54.63,57.11,54.36,52.27,41.7,35.51,40.23,41.79,38.1,41.51,43.75,38.24,41.79,45.1,36.27,35.9,42.18,39.57
49.2,49.2,49.2,114.74,47.62,44.13,49.19,53.66,65.4,58.41,51.12,43.95,39.76,42.88,56.22,39.93,45.47,49.1,70.33,38.81,46.76,37.04,36.43,31.25
32.94,29.69,29.5,29.24,30.15,32.59,34.68,30.9,31.85,32.92,37.26,35.42,32.43,33.27,31.6,30.59,34.9,36.99,44.97,32.13,31.24,31.6,30.27,30.35
30.42,29.87,30.11,30.54,33.48,45.67,57.84,56.89,52.07,60.85,47.81,49.42,42.59,41.93,44.36,41.07,44.86,54.19,58.64,49.46,37.7,37.35,43.36,40.11
56.54,40.48,38.62,37.57,37.06,32.25,44.15,42.84,37.81,48.06,61.62,53.39,53.7,49.12,46.3,51.05,52.36,56.41,56.24,45.07,43.03,35.82,44.52,39.02
37.55,35.95,36.6,37.19,35.11,42.79,49.38,46.92,48.43,57.12,44.9,49.38,52.02,47.94,40.98,38.82,42.83,47.6,56.6,41.45,48.26,43.26,42.56,41.75
41.46,43.27,39.17,42.03,53.7,57.78,82.92,54.26,49.06,50.37,43.97,43.73,42.17,43.71,45.51,46.71,56.42,57.68,55.64,46.16,48.36,45.43,49.3,39.62
40.5,40.04,39.72,39.74,40.91,40.67,43.86,46.1,41.29,43.13,44.41,37.57,43.09,42.97,47.58,52.75,52.73,51.22,53.69,50.34,47.7,42.03,43.83,53.24
105.19,45.51,47.42,49.51,51.61,51.71,46.8,45.67,42.03,38.27,38.15,36.03,31.03,30.08,33.54,35,37.01,46.36,53.08,54.04,42.54,45.5,41.04,39.72
45.17,42.51,41.03,44.34,50.93,42.35,53.23,44.67,43.28,43.29,41.19,38.11,37.85,38,38.27,39.9,49.03,67.7,81.04,88.53,63.62,44.25,53.76,44.63
44.46,43.64,44.15,44.34,45.27,73.09,71.77,62.81,73.06,65.68,53.03,55.03,51.03,51.85,55.33,54.12,72.91,113.74,131.85,86.84,56.7,56.09,53.76,40.98
41.1,39.87,41.35,42.01,44.31,97.88,63.24,149.55,103.6,49.93,42.61,64.63,60.14,56.02,78.15,79.56,68.58,76.65,62.91,58.05,70.22,49.11,37.66,37.19
39.73,36.11,36.17,36.4,34.92,51.07,86.28,48.81,41.61,42.35,37.46,40.25,46.43,123.66,53.67,53.07,53.2,65.37,98.04,66.57,69.43,45.68,40.06,34.78
36.44,33.5,30.87,31.79,23.93,37.01,61.95,65.85,66.53,70.23,57.78,64.94,52.84,57.23,54.52,54.55,60.64,63.79,73.23,55.43,69.24,54.02,44.93,43.8
45.19,37.41,36.96,36.07,34.77,49.2,69.05,58.02,50.46,73.22,46.27,41.44,40.98,39.27,38.59,41.93,55.31,48.28,49.6,43.39,65.17,40.22,48.61,48.53
38.24,37.5,36.63,35.71,34.94,40.52,52.94,47.45,40.7,39.9,39.36,35.57,31.86,31.06,30.64,29.42,37.61,48.33,61.05,38.94,34.42,34.87,31.59,39.97
34.7,32.13,31.25,32.38,39.3,44.37,49.97,48.71,48.36,50.96,38.25,38.41,44.69,42.5,32.91,44.11,47.55,130.43,79.73,57.93,60.14,46.72,49.49,45.81
37.55,37.18,35.78,34.44,45.74,46.97,61.47,72.57,62.67,54.64,52.21,54.21,48.33,46.13,44.84,47.08,54.09,62.61,61.03,56.13,58.86,45.9,41.79,39.77
36.57,35.73,34.87,34.02,34.73,48.26,70.49,52.14,44.76,41.19,40.65,38.7,38.12,38.05,38.66,44.95,55.7,64.43,76.61,81.94,57.4,47.95,44.24,43.63
39.7,41.92,39.56,36.28,39.13,111.18,98.57,60.76,47.59,41.19,48.47,47.11,47,51.47,41.28,41.87,49.62,61.94,73.97,60.05,49.73,55.26,50.42,45.08
42.31,39.82,38.02,39.47,48.81,120.99,102.61,84.98,51.82,47.95,50.12,44.52,41.96,41.14,42.16,40.36,46.79,61.7,74.6,54.27,48.77,41.57,39.19,39.73
36.45,34.14,36.17,35.06,37.04,44.08,74.44,48.41,45.76,38.31,38.95,42.84,36.38,33.83,31.7,32.64,41.87,44.93,40.37,33.44,32.79,31.72,31.81,42.78
39.4,39.85,40.61,36.63,45.1,50.14,90.55,113.59,43.02,37.86,35.19,45.44,34.55,31.02,30.47,32.14,37.35,68.52,47.58,38.76,34.05,35.17,31.68,33.07
32.28,25.5,26.06,27.58,29.33,34.11,42.14,51.83,37.02,37.31,34.33,37.72,33.08,34.31,36.3,41.21,42.57,51.36,58.67,53.03,39.16,33.47,26.79,25.71
24.39,24.46,24.57,25.5,33.47,183.36,63.2,76.64,61.67,61.79,50.06,52.75,52.97,47.38,38.92,36.02,62.33,84.23,73.71,52.66,53.93,48.85,34.74,33.84
31.25,30.28,31.29,31.9,36.43,64.26,107.15,171.76,97.88,77.66,80.38,55.52,49.45,42.51,40.42,55.42,59.6,64.04,55.57,56.58,46.21,42.77,34.46,29.63
28.57,27.7,28.3,30.91,36.51,42.9,44.56,58.47,73.09,47.31,47.32,59.7,59.65,54.7,46.78,45.35,57.02,67.64,45.9,38.33,44.54,43.92,37.15,30.82
32.7,30.89,30.53,30.1,29.56,39.5,46.28,49.35,34.71,32.97,35.88,36.47,32.21,34.71,37.42,39.19,44.25,57.24,53.57,40.59,32.82,35.06,33.85,32.07
33.19,33.12,33.86,35.11,38.2,43.3,68.21,55.21,58.75,56.32,60.36,58.27,50.73,48.47,46.58,50.76,55.83,54.52,57.65,49.21,41.32,43.68,40.19,39.33
40.23,52.82,45.24,55.61,54.41,47.78,106.09,81.41,57.67,38.22,38.15,72.11,39.47,37.21,42.27,41.12,52.41,81.09,44.12,49.62,52.56,56.51,34.56,34.8
38.59,33.31,35.9,40.48,38.55,38.84,40.8,43.93,38.97,38.51,38.77,35.61,45.29,42.22,38.12,42.56,65.94,105.2,77.22,53.91,38.96,41.54,38.24,32.76
33.2,32.99,33.23,34.58,33.8,48.45,59.13,56.05,47.17,48.62,44.69,50.34,47.31,48.13,54.51,37.57,49.52,41.37,37.41,40.6,45.07,35.09,31.02,31.55
30.47,29.43,29.95,30.71,26.28,32.61,63.06,49.24,48.54,54.27,42.67,46.55,37.41,36.72,31.25,29.23,39.29,68.58,55.44,33.58,33.7,29.59,30.53,27.78
28.51,28.19,25.71,24.65,22.38,27.9,32.74,33.77,22.87,24.25,25.6,25.62,26.27,26.36,27.97,43.14,43.38,58.48,46.35,25.64,24.17,23.99,25.92,21.5
21.59,20.91,20.37,22.9,19.48,24.56,28.01,27.18,29.02,31.91,28.29,29.67,27.12,31.2,27.62,24.87,29.47,36.26,27.74,28.47,26.02,27.02,23.57,22.58
21.99,21.48,22.06,22.77,24.88,52.61,48.42,77.5,60.22,49.96,31.05,25.46,21.35,27.95,31.56,36.45,33.48,33.19,26.71,22.2,23.71,24.3,23.42,14.39
14.9,13.97,9.9,9.24,9.54,12.52,15.27,12.67,12.79,14.1,16.15,14.58,17.82,17.54,23.03,21.98,22.53,27.72,33.95,19.9,14.69,12.27,13.42,16.15
12.31,10.22,9.9,9.86,9.64,7.84,5.62,9.1,16.57,16.93,24.88,32.28,29.6,37.43,28.49,45.49,40.83,31.08,22.41,15.59,16.74,19.15,23.86,16.39
11.98,10.75,10.2,11.13,14.55,21.57,21.47,21.22,28.07,28.46,24.15,34.9,47.78,31.57,72.66,16.74,91.12,20.82,17.92,13.91,14.92,12.59,9.81,12.65
11.15,10.02,11.1,13.25,12.13,20.58,23.48,19.73,26.08,28.25,32.61,50.53,44.35,51.02,35.85,42.37,55.9,56.62,53.01,58,53.28,45.97,33.91,27.98
31.67,30.34,31.65,27.54,29.32,36.55,36.55,33.73,34.89,40.98,52.45,36.65,36.84,40.11,47.98,41.36,46.06,36.45,34.77,47.82,43.13,35.09,30.09,25.98
26.64,24.3,25.7,27.23,38.11,34.93,43.33,33.92,32.33,29.26,101.43,29.3,35.44,25.19,28.85,34.02,51.99,41.96,31,25.67,27.8,25.81,23.39,24.15
17.97,15.45,14.51,16.43,22.65,23.05,32.85,57.81,47.3,83.93,48.23,44.61,50.05,52.04,50.87,51.01,63.17,46.2,40.58,28.83,25.64,25.54,31.38,29.62
27.35,29.77,27.67,26.99,27.85,26.46,25.06,25.22,26.19,25.63,22.52,21.75,21.78,24.46,24.14,30.29,35.58,27.8,22.77,21.51,16.66,18.68,21.27,22.63
18.64,16.65,16.06,16.91,17.47,21.43,15.88,25.49,23.87,24.73,24.43,23,23.97,20.31,17.91,22.3,34.76,33.69,30.33,25.95,21.53,17.99,17.15,17.97
16.28,17.82,15.41,11.67,13.29,23.89,27.68,22.15,24.59,27.75,27.75,27.41,25.86,27.1,32.07,39.63,60.81,39.68,38.73,35.37,29.04,30.13,37.01,32.67
32.08,35.46,33.67,33.39,30.18,29.04,34.85,37.39,38.98,49.51,65.56,68.79,68.66,66.06,58.45,74.79,90.61,65.95,55.4,49.7,44.87,47.82,48.17,52.65
51.15,47.25,51.23,59.33,49.8,49.66,50.09,50.73,45.62,49.58,44.5,42.1,47.22,51.15,59.56,63.2,78.73,71.45,74.06,57.06,57.36,54.94,54.4,46.81
45.96,43.66,41.96,38.98,42.7,34.29,51.35,40.65,42.16,49.2,53.57,51.98,56.15,60.94,56,66.45,113.42,101.58,92.27,67.95,68.78,66.84,57.45,65.99
47.35,48.21,48.05,46.35,45.74,58.09,89.31,54.5,57.02,57.01,57.49,58.83,55.55,58.65,58.28,67.15,91.49,81.61,71.78,63.24,56.43,59.97,59.1,53.08
53.86,52.12,52.32,51.95,48.8,52.82,61.03,54.55,45.99,50.23,48.78,46.89,43.37,43.64,50.58,58.58,69.91,65.92,58.49,55.91,54.07,56.68,66.12,54.1
56.67,60.68,53.71,53.18,50.38,52.44,56.14,54.65,51.04,51.86,52.17,53.35,52.12,50.78,53.34,60.31,98.12,72.06,77.59,88.77,68.47,67.59,57.9,57.1
59.84,61.27,65.17,70.23,60.75,124.14,182.4,68.37,63.33,56.95,55.74,53.9,52.89,52.83,56.59,60.01,84.75,74.76,63.29,61.37,57.29,65.31,54.2,66.05
65.29,58.17,60.26,55.85,70.41,79.59,98.71,64.36,61.8,55.97,53.67,51.96,52.59,50.83,50.88,69.32,71.32,67.68,58.72,57.67,52.73,47.62,45.15,47.56
47.07,46.43,50.97,55.67,51.93,73.94,74.68,63.04,62.8,79.35,57.46,132.43,50.07,48.57,50.95,56.61,70.63,59.13,55.79,49.55,51.29,48.1,41.67,48.1
43.78,45.58,48.7,48.72,50.12,46.71,49.95,45.01,43.75,57.1,51.58,46.67,42.32,41.96,41.97,41.42,41.81,39.77,39.38,38.91,38.7,39.04,39.58,42.14
39.36,36.46,37.28,37.15,37.86,38.14,39.9,42.09,47.29,45.86,44.5,43.59,41.88,41.24,41.07,45.13,53.4,46.6,46.41,44.07,42.91,43.98,43.55,43.69
42.98,41.15,43.88,40.53,42.46,50.3,50.04,48.5,38.93,41.22,39.82,38.18,38.57,39.7,39.78,62.79,56.63,55.29,51.44,47.6,45.63,59.1,43.2,43.65
42.85,45.05,42.86,40.22,37.06,37.05,40.04,46.93,138.41,56.43,50.18,50.89,46.32,54.09,44.15,58.29,68.98,73.56,60.43,51.96,51.42,60.14,48.71,44.5
42.58,40.89,39.09,39.51,45.17,47.29,55.84,55.17,60.61,53.08,57.44,61.61,52.88,51.57,48.94,61.8,95.28,71.58,57.3,52.08,55.51,64.69,66.22,56.41
51.58,55.36,51.88,47.72,48.86,62.65,110.11,55.13,55.14,51.39,42.7,44.31,41.22,40.91,46.91,58.91,77.1,74.96,57.43,51.85,51.75,41.83,39.96,40.15
41.02,45.52,45.82,47.15,21.56,16.74,54.79,61.08,71.63,86.83,71.36,55.28,56.85,98.36,60.9,56.57,48.3,50.86,53.65,56.48,65.21,65.21,86.77,45.68
